clinton_anger,clinton_contempt,clinton_disgust,clinton_fear,clinton_happiness,clinton_sadness,clinton_surprise,frame_time
0.000167293,0.004510239,0.000269524,7.91E-06,0.9039006,0.000107829,0.000700539,355
0.000222364,0.030894548,0.000518899,3.26E-06,0.653031349,0.000434728,0.001041556,360
0.000180146,0.008076612,0.002752905,5.38E-05,0.014762784,0.004682004,0.2670885,365
0.000230584,0.012364112,0.000641059,5.08E-06,0.881924331,8.94E-05,0.001586623,370
0.003400207,0.05115389,0.002209107,0.000136844,0.238202453,0.018456437,0.001374199,375
5.65E-05,0.007642251,0.000359396,2.39E-06,0.016533667,0.010052996,0.002613002,380
0.00139499,0.001977743,0.000423521,7.25E-05,0.00222164,0.002821398,0.148497,385
0.000807846,0.004296978,0.004432955,0.000310128,0.022598017,0.02610663,0.038453426,390
0.004974274,0.007162395,0.017805256,0.000672284,0.011096498,0.030003406,0.1443553,395
0.001362259,0.004438514,0.003092047,8.20E-05,0.059593853,0.002866972,0.037828498,400
0.000712001,0.025222147,0.003467974,9.61E-06,0.108639322,0.004680147,0.004275268,405
7.97E-05,0.004238491,0.000138379,2.82E-06,0.000687888,0.04613125,0.000244468,410
0.000529306,0.005672877,0.001139325,8.60E-05,0.265281916,0.006441504,0.007109555,415
0.000312776,0.007861024,0.000402755,1.54E-05,0.024264282,0.002110723,0.025750637,420
0.002322796,0.03205158,0.001169224,3.02E-05,0.005147504,0.007109445,0.00483478,425
0.005604461,0.012748417,0.021578264,0.000610491,0.07808413,0.020415185,0.079066224,430
0.000163233,0.004628925,0.000224551,2.34E-06,0.518088341,0.000171205,0.000358224,435
0.000499311,0.001468096,0.000454079,9.88E-05,0.002120451,0.006548096,0.011267213,440
8.71E-05,0.000386146,0.000239726,2.48E-05,0.000360714,0.008470756,0.100380406,445
3.89E-05,0.002496036,0.000360834,4.11E-06,0.8552362,0.000839764,0.000620066,450
0.000231096,0.000114151,0.001159288,2.48E-05,0.9779009,0.000855259,0.006701403,455
0.000724314,0.003507347,0.000734902,0.000371083,0.029476699,0.011438195,0.03153522,460
0.000180294,0.001740385,0.000266299,0.000108711,0.001349652,0.007277445,0.007001,465
0.000104401,0.006179289,0.001131521,2.18E-05,0.251623273,0.003900809,0.00299781,470
0.000217693,0.002893587,0.000230824,1.16E-05,0.047514647,0.000691652,0.010408855,475
0.000530152,0.09607489,0.000426162,1.25E-06,0.5452552,0.00201011,4.12E-05,480
0.000319907,0.06977572,0.000576032,1.02E-05,0.348136455,0.018342273,0.000134643,485
0.000257638,0.000724465,0.00023479,7.71E-05,0.08889518,0.026132617,0.02203504,490
,,,,,,,495
,,,,,,,500
,,,,,,,505
0.001035669,0.03683436,0.000631825,3.18E-05,0.161598772,0.022762742,0.00043812,510
5.52E-05,0.003103522,4.08E-05,2.09E-06,0.321727335,0.00189949,0.000175526,515
1.44E-05,0.00202492,7.60E-06,1.64E-07,0.461657,0.000151473,5.86E-05,520
1.56E-05,0.001099271,2.44E-05,8.33E-07,0.8762112,0.000484643,2.97E-05,525
7.78E-05,0.002707394,4.76E-05,2.60E-06,0.09265161,0.003273093,0.000414854,530
0.00029099,0.003266404,0.000127538,6.02E-06,0.04114046,0.005580211,0.000549869,535
0.000421365,0.005659161,0.000200348,9.29E-06,0.10055057,0.005524973,0.000442306,540
0.000192423,0.004898177,0.000107712,5.51E-06,0.09684494,0.004033301,0.000471375,545
0.000224008,0.004825185,9.32E-05,2.29E-05,0.07815809,0.019198012,0.000291614,550
0.000236075,0.00380291,0.00010188,2.63E-05,0.040994685,0.02620704,0.000473134,555
0.00027655,0.03326813,0.000465018,2.12E-05,0.014287991,0.044206385,0.000436269,560
0.000744071,0.008492056,0.000449543,2.87E-05,0.11387109,0.011916648,0.000467685,565
0.000111367,0.004736131,0.000140777,1.25E-06,0.310429245,0.003327495,0.000196535,570
0.000307924,0.004353892,0.000265083,6.68E-06,0.09579376,0.004993338,0.000359536,575
0.000815135,0.008867646,0.000977546,4.41E-05,0.136896834,0.055476993,0.000456528,580
0.000205389,0.004315819,0.000326873,1.18E-05,0.053134885,0.06514135,0.000162037,585
0.000163958,0.002200046,4.66E-05,1.09E-05,0.098967046,0.014186687,0.000206856,590
0.000114623,0.002374176,5.78E-05,2.68E-05,0.040856022,0.031221699,0.000425614,595
0.000283337,0.007629208,0.000614951,1.11E-05,0.222546235,0.050729405,0.00018467,600
0.000418448,0.00533716,0.000207269,1.85E-05,0.106025308,0.004032794,0.000926316,605
0.000111767,0.003970379,7.34E-05,1.53E-06,0.2821759,0.001384226,0.000205778,610
1.84E-05,0.003377781,2.79E-05,2.13E-07,0.859790564,0.000110191,6.52E-05,615
0.000101055,0.002911063,0.000686891,3.73E-05,0.002566447,0.020750502,0.00989759,620
0.001013345,0.019623455,0.00718173,0.000162277,0.253346115,0.02602059,0.006221989,625
0.002918703,0.014587141,0.005897325,8.12E-05,0.299230069,0.004809838,0.005548987,630
0.003286593,0.005153229,0.005663748,2.68E-05,0.047073316,0.004690439,0.0172491,635
0.001820096,0.007154026,0.003347462,2.59E-05,0.129098639,0.011634888,0.003811077,640
0.004970521,0.013985632,0.008026809,0.000531205,0.086144455,0.017635023,0.06826289,645
7.93E-05,0.00273759,0.000609233,3.36E-05,0.001986466,0.06327035,0.003212003,650
0.001917496,0.000143268,0.001796428,0.005826331,0.7619862,0.01015609,0.191498369,655
0.001171079,0.006543946,0.006001937,7.04E-05,0.177329123,0.010589629,0.007510102,660
0.001605241,0.004947815,0.002070728,1.74E-05,0.6705819,0.000218999,0.003906496,665
0.027006287,0.009756118,0.024129313,0.000377587,0.08391244,0.010913899,0.0548309,670
0.000276404,0.002892933,0.00255488,7.06E-06,0.03709497,0.007302441,0.017339865,675
0.001895708,0.005681084,0.005034429,9.21E-05,0.08204211,0.002776312,0.15979977,680
0.000176685,0.004264879,0.000580876,0.000234499,0.006583135,0.006213024,0.149256572,685
0.004388216,0.005323376,0.018031742,0.002180881,0.036481477,0.011115902,0.5643824,690
0.007782459,0.001275273,0.003053182,0.013550915,0.00056443,0.001395017,0.8941033,695
0.00156191,0.031178499,0.008512103,0.001887753,0.014700387,0.063548595,0.029705199,700
2.82E-05,0.000914507,0.000138231,1.33E-05,0.001095827,0.002275005,0.09963538,705
0.002909839,0.010158962,0.007134115,0.000217133,0.5679027,0.016949575,0.005288001,710
0.00042461,0.00264462,0.000469829,0.000126144,0.014081689,0.005255328,0.013333012,715
0.000137454,0.045085255,0.000260554,3.12E-06,0.023255047,0.027936917,0.000387723,720
,,,,,,,740
2.77E-05,0.023574807,0.000108877,2.24E-06,0.002047636,0.03988097,0.000221797,745
0.00109505,0.003511806,0.001156854,1.96E-05,0.003827618,0.035098124,0.000641058,750
0.000657419,0.001065189,0.000292812,0.000130556,0.000356163,0.024138575,0.005817418,755
0.000581748,0.000515054,0.000121441,1.11E-05,0.000230713,0.008166382,0.00094183,760
0.000541491,0.001319867,0.000180798,1.69E-05,0.001702158,0.006862617,0.001844176,765
0.000410446,0.000483019,8.24E-05,8.79E-06,0.000228618,0.005035839,0.001412998,770
5.29E-05,0.00040157,1.16E-05,3.26E-06,0.000217702,0.007896734,0.000361677,775
0.000223367,0.000278134,5.06E-05,3.72E-06,9.82E-05,0.005049868,0.001287913,780
0.000574374,0.000925431,0.000329646,2.73E-05,0.000408268,0.013163093,0.002685797,785
0.000554858,0.00077057,0.000286046,2.24E-05,0.000265095,0.009979554,0.002624541,790
0.002567355,0.002320463,0.000919821,0.000273011,0.001182719,0.032874495,0.005231388,795
0.000550631,0.000964469,0.000147966,3.17E-06,0.002506821,0.004448804,0.000454758,800
2.27E-08,1.95E-08,4.08E-07,1.27E-08,0.9999986,2.70E-07,3.03E-07,805
4.33E-07,6.21E-06,7.54E-06,1.21E-08,0.999463,8.81E-07,4.61E-06,810
2.13E-05,0.004976002,3.77E-05,3.13E-06,0.82842344,0.001957257,3.82E-05,815
0.000283733,0.016429989,0.000347247,1.56E-05,0.4096024,0.014099062,0.000155791,820
3.50E-05,0.003361827,2.77E-05,1.97E-06,0.022911035,0.015590331,0.0001346,825
0.000132028,0.003710554,9.16E-05,2.37E-06,0.05094887,0.006792276,0.000189642,830
0.000299912,0.005869015,0.000222269,8.12E-06,0.07428514,0.011053754,0.000160752,835
0.000263807,0.005190088,0.000207286,3.28E-06,0.07563509,0.003716391,0.000271861,840
0.000298907,0.006170962,0.000154615,7.27E-06,0.04456885,0.008098722,0.000254422,845
,,,,,,,855
9.21E-06,0.0052353,1.77E-05,1.31E-07,0.396805465,0.001675966,6.65E-06,860
0.000477055,0.005041197,0.000217531,3.37E-05,0.122978218,0.026470397,0.000981233,865
0.000113013,0.001267063,8.77E-05,2.93E-05,0.016121991,0.030228794,0.000903679,870
0.00032884,0.01041408,0.000237804,1.34E-05,0.041275702,0.03295283,0.000310484,875
3.62E-05,0.003418041,2.77E-05,1.02E-06,0.1601188,0.001193764,0.00014688,880
0.000163687,0.004419008,5.40E-05,1.30E-06,0.0369481,0.002517294,7.37E-05,885
8.79E-05,0.003647678,4.45E-05,1.31E-06,0.023274701,0.003546047,5.73E-05,890
5.45E-05,0.003444626,2.63E-05,1.45E-07,0.059559673,0.000476696,3.27E-05,895
0.000251802,0.000764564,0.001044467,2.36E-05,0.499728471,0.004930828,0.188811958,900
8.70E-05,0.004049098,0.00181544,0.000319886,0.6599927,0.001724923,0.0988317,905
0.002033575,0.00710804,0.003242303,0.000153194,0.032934923,0.014243553,0.017155971,910
0.002170239,0.020881822,0.003170893,5.19E-05,0.093154326,0.002792225,0.036923394,915
0.014730128,0.011743848,0.016877452,0.000681779,0.058288183,0.019214584,0.046716407,920
0.000862644,0.004058233,0.002265622,0.000211428,0.004080256,0.06792259,0.057931956,925
0.001556264,0.017663425,0.007044483,0.007464144,0.045563716,0.015962187,0.360326469,930
0.001935759,0.010534928,0.005185179,0.000260943,0.030829571,0.049176328,0.01876994,935
0.005818817,0.004200008,0.0072757,0.000842609,0.008758762,0.011839398,0.139171258,940
0.002491649,0.011572873,0.001083897,3.62E-05,0.005541003,0.010449847,0.000902278,945
0.007576521,0.015460732,0.013490878,0.000261297,0.1765197,0.003829249,0.016059132,950
0.006627196,0.011932707,0.001852201,4.11E-05,0.019093778,0.00175292,0.00210681,955
0.008394858,0.008070669,0.004901686,0.002276422,0.006680096,0.018123886,0.028331917,960
0.00550522,0.016082926,0.008791847,0.000437907,0.046354067,0.017815186,0.03805251,965
0.003115535,0.00779605,0.004206039,0.000171207,0.031158546,0.004229102,0.056107797,970
0.001112319,0.001290042,0.000334989,0.000211664,0.001101081,0.002516024,0.1386891,975
0.005187689,0.009234237,0.008807279,0.000540876,0.052536856,0.018042933,0.057415012,980
0.000375907,0.005831698,0.003571519,3.12E-05,0.05266715,0.008899591,0.120604716,985
0.001135198,0.002065895,0.006436205,0.007975024,0.00445282,0.1142065,0.2528047,990
6.37E-05,0.003180242,2.94E-05,9.64E-07,0.11377459,0.000246288,0.000157205,995
0.000350967,0.011769052,0.001714327,8.35E-06,0.3359763,0.002862117,0.00128741,1000
0.001601634,0.058730464,0.005281801,9.09E-05,0.058177967,0.003475166,0.013771945,1005
0.00020551,0.004860476,0.000184887,8.59E-06,0.02394131,0.000634063,0.001195123,1010
0.001493098,0.009718538,0.008633031,0.000563841,0.035902795,0.0347324,0.134166688,1015
0.000811443,0.006141062,0.007597655,0.00062019,0.100303926,0.043452874,0.200846657,1020
0.000117309,0.008721459,0.001360415,9.82E-05,0.016422015,0.039278783,0.026456023,1025
0.000399337,0.009283485,0.001452469,2.58E-05,0.560933352,0.001062774,0.008836855,1030
0.00381735,0.006778857,0.023620835,0.000999263,0.025996154,0.040735874,0.148405761,1035
0.016881036,0.008546273,0.016054107,6.49E-05,0.063454725,0.002087152,0.040547244,1040
0.001024857,0.005512659,0.011412859,0.000469309,0.210685655,0.126226291,0.03516843,1045
0.000236912,0.003652016,0.001754891,2.44E-05,0.312982142,0.002783389,0.04892247,1050
0.001753559,0.01453458,0.003810857,0.000858041,0.004991109,0.01158338,0.07175106,1055
9.61E-05,0.001416791,0.000584018,5.12E-05,0.000866791,0.044432253,0.007288598,1060
0.000314216,0.001441669,0.000303357,1.56E-05,0.005032199,0.022502048,0.001329159,1065
0.000404971,0.00225258,0.000315462,2.36E-05,0.002343309,0.06937339,0.000747298,1070
0.000564135,0.002144531,0.000283268,1.57E-05,0.001787413,0.026499651,0.000396742,1075
2.26E-05,9.15E-05,1.24E-05,7.43E-07,8.54E-05,0.0592246,2.95E-05,1080
4.50E-05,0.001572822,3.11E-05,4.77E-06,0.262903422,0.007319844,0.000334491,1085
0.000182857,0.002450906,0.00017918,6.87E-06,0.005153988,0.043990765,0.000237318,1090
0.00017107,0.001560909,8.48E-05,2.22E-05,0.001785404,0.06021365,0.00052444,1095
1.52E-05,8.34E-05,6.66E-06,3.04E-07,0.018201212,0.009542206,0.00012374,1100
0.000137936,0.000214455,0.000145815,2.48E-05,0.000775957,0.061607506,0.005964366,1105
9.51E-05,0.000663126,4.77E-05,0.000193715,0.0003371,0.015855651,0.009979798,1110
9.77E-05,0.000187303,3.96E-05,5.02E-06,2.47E-05,0.03226804,0.000480463,1115
0.00036971,0.00058722,0.000192538,4.97E-05,0.000204096,0.034083687,0.001995331,1120
0.000290479,0.000708878,8.34E-05,1.36E-05,0.000713773,0.015923962,0.001037412,1125
0.000147192,0.000514415,6.04E-05,5.07E-06,0.000308148,0.016316911,0.000565557,1130
7.32E-06,0.007322009,8.20E-06,3.46E-07,0.9479325,9.51E-05,2.38E-05,1135
2.94E-07,9.51E-09,3.05E-06,4.11E-07,0.999991834,3.43E-08,4.02E-06,1140
1.52E-05,8.22E-06,0.000166412,3.53E-07,0.9990379,5.43E-05,0.000445725,1145
0.000710288,0.008287344,0.001598568,4.18E-05,0.5613857,0.004498893,0.003508483,1150
0.000104399,0.002679039,0.000188285,4.44E-05,0.2793124,0.003242859,0.011140895,1155
0.000107953,0.00570052,0.001410701,1.22E-05,0.017755365,0.004408912,0.035411865,1160
0.000126523,0.011028724,0.000355517,1.14E-05,0.353185,0.001709501,0.004862416,1165
0.000266732,0.007176147,0.000611377,6.65E-05,0.3832677,0.003397121,0.002937646,1170
0.000270628,0.013818958,0.002857679,3.09E-05,0.233242527,0.005574037,0.010213082,1175
0.000250254,0.008675436,0.001300776,9.75E-06,0.7724612,0.000726519,0.008291346,1180
0.000107585,0.004500555,0.000796307,2.57E-05,0.9255904,0.001395575,0.00272217,1185
0.001034872,0.00550203,0.003269973,0.000172752,0.562789738,0.004464169,0.01845108,1190
0.000228778,0.004587645,0.000104903,1.79E-05,0.00407246,0.009113213,0.003810974,1195
2.58E-05,0.000314187,0.000414656,2.65E-07,0.9762296,0.000341627,0.000104444,1200
0.000132573,0.008943064,9.67E-05,6.86E-06,0.006187228,0.001860686,0.00189664,1205
0.000226574,0.005368701,0.001988842,2.19E-05,0.27587676,0.012653712,0.009380833,1210
0.000192825,0.004868336,0.000955125,3.78E-06,0.663264751,0.001744024,0.001090379,1215
0.001753604,0.004394619,0.003967194,0.000111947,0.7098267,0.001661593,0.00774647,1220
0.000452495,0.000522797,0.000629122,1.56E-05,0.000289284,0.014036507,0.009589409,1225
3.24E-05,0.006314148,9.30E-05,5.43E-07,0.035431914,0.013043092,6.40E-05,1230
0.001049411,0.001462853,0.003629904,0.000323801,0.8024828,0.003760085,0.04752366,1235
1.40E-05,0.001517234,0.000122625,8.46E-08,0.881194651,0.001417377,4.19E-05,1240
3.84E-06,0.003347325,5.92E-06,1.48E-07,0.901412547,0.00065933,5.57E-06,1245
0.000111327,0.005232096,3.71E-05,8.31E-07,0.328422874,0.000829522,8.50E-05,1250
0.000534509,0.008458169,0.00011772,3.21E-06,0.134242862,0.001553308,0.000106572,1255
0.000128046,0.003884417,0.002262629,6.26E-05,0.318778962,0.205532,0.005624956,1260
0.000539484,0.004652407,0.001322177,4.63E-05,0.7118608,0.003733252,0.004062552,1265
5.69E-05,0.00443501,8.59E-05,4.13E-06,0.54368794,0.000590967,0.002970418,1270
0.000446518,0.006215945,0.001645468,0.000187438,0.447892427,0.023438068,0.026750475,1275
2.81E-05,0.000285531,0.00036358,1.07E-06,0.984827638,0.000571795,0.00023666,1280
0.000115442,0.00153976,0.000964511,0.000294531,0.5046692,0.020605205,0.05921802,1285
0.000108484,0.00206866,0.001926565,0.000159782,0.719767153,0.0324031,0.05059239,1290
0.000120377,0.001665461,0.000165006,6.23E-06,0.057477973,0.019806257,0.000943616,1295
0.000212982,0.003185157,0.001965429,0.000444026,0.309770942,0.019179722,0.109291568,1300
0.000165798,0.016481448,0.001067489,9.83E-05,0.032399204,0.035242938,0.024846237,1305
8.91E-05,0.004342815,0.000461346,8.74E-06,0.052147467,0.014240548,0.002877769,1310
0.000754598,0.010642359,0.003420121,4.51E-05,0.163722336,0.006038085,0.029982919,1315
0.000396463,0.014732177,0.001854153,0.000216007,0.4032292,0.042765908,0.002792432,1320
0.000160156,0.002248507,0.000666372,1.11E-05,0.694597065,0.001994068,0.001668862,1325
0.00061689,0.00795397,0.004899514,0.000326324,0.03637693,0.06428786,0.055749696,1330
0.001052229,0.010605967,0.003268184,5.94E-05,0.3081448,0.003614364,0.008734162,1335
0.001845656,0.010122309,0.007373786,0.000158621,0.105600983,0.005681589,0.211034954,1340
0.001978937,0.01665229,0.002367455,0.016539821,0.005912147,0.009952891,0.6019347,1345
0.000308614,0.041338217,0.000906652,1.63E-05,0.59258014,0.008253675,0.00034043,1350
7.75E-06,0.000661304,3.50E-05,2.67E-07,0.969354331,1.36E-05,0.000104429,1355
0.001275714,0.006286127,0.003631081,1.85E-05,0.6971892,0.000556119,0.001692619,1360
0.001608965,0.005904916,0.005529155,1.83E-05,0.452759,0.001534564,0.05129152,1365
0.000402997,0.001132983,0.001463266,0.000477425,0.509853542,0.0021947,0.2557656,1370
0.003370008,0.012010835,0.010118797,0.001853556,0.111748971,0.038817734,0.070632875,1375
0.000374165,0.001072342,0.003080626,1.81E-05,0.5007718,0.001479018,0.09179678,1380
0.00016012,0.002934846,0.000142793,1.04E-05,0.078151465,0.011814341,0.000636306,1385
0.000132462,0.001626571,0.000145708,1.21E-05,0.037448544,0.016843105,0.000721676,1390
0.000180666,0.002430406,0.000166626,4.84E-06,0.06490389,0.01034251,0.000521934,1395
0.000180836,0.001994711,0.000160642,8.51E-06,0.03389737,0.011672575,0.000459891,1400
0.000256164,0.003261152,0.000225761,1.95E-05,0.059268903,0.030627726,0.000499828,1405
7.66E-05,0.000394961,2.59E-05,7.96E-06,0.271941364,0.011144406,0.002617587,1410
7.52E-05,0.003226313,3.93E-05,1.05E-05,0.4078855,0.014343622,0.00055129,1415
8.92E-05,0.004503635,0.000261489,1.06E-05,0.261125624,0.05013148,0.000111278,1420
9.79E-05,0.004007387,0.000271791,4.08E-06,0.322952032,0.032378852,8.69E-05,1425
3.45E-07,3.32E-09,4.64E-09,8.75E-09,0.9999961,6.65E-07,2.23E-07,1430
1.68E-06,3.95E-05,9.90E-06,4.25E-08,0.9989711,1.93E-05,5.10E-06,1435
0.002415755,0.005830722,0.001198661,0.00048092,0.00875508,0.014731547,0.012552751,1445
1.61E-05,0.000353038,0.000197077,7.90E-06,0.001921644,0.006460528,0.034115527,1450
0.00095995,0.007554848,0.009675292,0.01348634,0.58475405,0.135742962,0.044897568,1455
0.000465515,0.00215634,0.002298121,7.20E-05,0.6064463,0.001275987,0.124432027,1460
5.08E-05,0.001309783,0.001349755,4.64E-06,0.032162227,0.002154681,0.197497785,1465
1.11E-07,3.28E-07,1.39E-06,3.66E-09,0.9999505,2.24E-06,2.44E-06,1470
0.000191274,0.003285524,0.001657989,0.000283287,0.01522174,0.016171794,0.3322374,1475
0.000654332,0.005861782,0.003961302,0.000117643,0.012865966,0.020295844,0.005406893,1480
0.004215079,0.010040535,0.004993487,0.000203668,0.163026273,0.00518384,0.013368886,1485
0.000105179,0.007746451,0.000605976,5.45E-06,0.04949053,0.004898226,0.006854779,1490
0.000233501,0.020987058,0.000424288,1.52E-05,0.129120752,0.007913543,0.000480906,1495
,,,,,,,1505
7.33E-05,0.004984577,0.000153119,1.67E-06,0.6887342,0.015213871,2.05E-05,1510
0.000257852,0.004285708,0.000210673,1.01E-05,0.384907663,0.00496639,0.000294199,1515
5.16E-06,4.00E-06,4.02E-05,2.51E-06,0.9980779,2.04E-06,0.00132692,1520
,,,,,,,1525
3.31E-07,7.02E-05,2.89E-05,2.94E-09,0.9973791,3.69E-05,3.65E-06,1530
0.006791796,0.017927494,0.004191641,0.00026993,0.436578274,0.001586885,0.034123473,1535
3.69E-05,0.002603784,4.05E-05,4.77E-07,0.7966637,0.000297963,1.34E-05,1565
3.79E-05,0.001848516,2.81E-05,3.48E-06,0.6661442,0.012262623,0.000159273,1570
0.000218084,0.007553057,0.000109144,3.78E-06,0.446738452,0.014182433,0.000748792,1575
1.66E-06,0.000430064,1.13E-06,1.69E-08,0.557908356,5.12E-05,4.24E-06,1580
5.17E-05,0.001181232,1.69E-05,2.69E-06,0.459370077,0.005809674,0.001433102,1585
4.50E-05,0.000675729,1.85E-05,4.87E-07,0.54935056,0.002997862,0.000159747,1590
7.39E-05,0.000443189,2.48E-05,5.57E-06,0.120739684,0.01816616,0.001229324,1595
0.000155558,0.001560477,4.10E-05,3.87E-06,0.3991452,0.016918086,0.000879434,1600
0.000213331,0.017431159,0.000214927,3.28E-06,0.591774344,0.003672424,8.90E-05,1605
2.35E-05,0.005734324,8.59E-05,2.43E-06,0.438071251,0.024387278,5.50E-05,1610
0.00012319,0.012238753,8.53E-05,3.70E-06,0.6232818,0.000609573,0.00011381,1615
0.000182896,0.005796119,0.000156582,9.03E-06,0.5204832,0.002154852,0.000167375,1620
0.000345938,0.006175143,0.00031891,7.58E-06,0.4051867,0.006197178,0.000110886,1625
0.000165988,0.0098144,0.000201672,1.97E-06,0.475470483,0.003398144,3.87E-05,1630
0.000310996,0.005976086,0.000140386,2.85E-06,0.289021075,0.002479086,0.000138357,1635
0.000137671,0.009806707,9.30E-05,8.80E-06,0.471244544,0.014719041,0.000331063,1640
0.000905797,0.040025383,0.00078279,9.45E-06,0.445952624,0.01052389,0.000686936,1645
1.29E-05,0.002359848,7.53E-06,2.97E-07,0.282778025,0.000828339,1.57E-05,1650
1.11E-05,0.002515173,1.06E-05,6.16E-08,0.215091318,0.000878749,1.22E-05,1655
0.000151883,0.000817912,0.000539568,1.69E-05,0.9287326,0.001043638,0.006383651,1665
1.85E-09,1.66E-11,3.18E-08,8.29E-11,0.9999998,3.34E-10,1.35E-07,1670
3.35E-06,0.000887545,3.13E-05,9.90E-07,0.9280806,0.000734879,0.0002564,1675
0.00020098,0.004541716,0.001331946,0.00018017,0.008257424,0.039333116,0.007254174,1680
1.13E-10,1.88E-08,5.92E-09,1.98E-11,0.9999961,2.20E-10,2.38E-07,1685
0.001647547,0.019669166,0.007494399,0.001944219,0.08036986,0.05338751,0.07977021,1690
0.000179297,0.00655276,0.000660771,5.40E-05,0.432469636,0.007185785,0.001457246,1695
0.001298411,0.004481963,0.003544733,1.39E-05,0.294108152,0.000982893,0.221645489,1700
0.000148335,0.00583762,0.000917482,5.16E-05,0.114593729,0.02483004,0.021707993,1705
0.006944998,0.011257052,0.009275089,0.003083347,0.041811824,0.008961374,0.36791563,1710
0.000687275,0.001658008,0.002191937,0.000303138,0.510112166,0.006361384,0.091076106,1715
0.000157304,0.0044975,0.001120165,2.37E-05,0.020170799,0.003880601,0.0792712,1720
4.34E-05,0.000264224,0.000115305,6.07E-05,0.000254553,0.040202007,0.006405905,1725
0.000305551,0.004447616,0.002117758,1.87E-05,0.7856991,0.001653703,0.005134252,1730
5.26E-05,0.001786343,0.000744815,1.25E-05,0.7886257,0.005378206,0.001102372,1735
0.000133996,0.002360802,0.000485829,1.65E-05,0.7116155,0.003859206,0.001103762,1740
0.001572538,0.004518011,0.003938951,0.000211305,0.6950255,0.002005278,0.015772205,1745
0.001400074,0.001153461,0.003880095,0.001737747,0.2846926,0.022334004,0.464464962,1750
0.00031642,0.001986237,0.00060186,0.000436836,0.000880951,0.011067011,0.046018973,1755
0.000608351,0.003487108,0.001701654,4.58E-05,0.003818485,0.0600501,0.002481856,1760
0.003658999,0.011280393,0.00650794,9.87E-05,0.09473491,0.016843215,0.001495451,1765
0.003549276,0.01022111,0.008183605,0.000248252,0.048796892,0.017543593,0.017146923,1770
0.00917054,0.012716731,0.010581926,0.000321411,0.055387825,0.028722497,0.005337011,1775
0.0001791,0.004470163,0.000708298,3.91E-05,0.018933538,0.025553515,0.006313596,1780
0.000118193,0.000594545,9.63E-06,2.54E-06,1.25E-05,0.005220538,9.40E-05,1785
9.40E-05,0.001918024,0.001503844,4.10E-05,0.007861694,0.018552732,0.03179256,1790
0.002529066,0.006377724,0.004839983,0.000798748,0.012055022,0.015211997,0.114653893,1795
3.21E-05,0.002638026,3.22E-05,4.04E-06,0.012405976,0.010852867,0.000176387,1800
0.000510513,0.006842131,0.00040223,4.35E-05,0.065300554,0.020187791,0.000568494,1805
1.79E-05,0.002403019,1.72E-05,6.39E-08,0.7006754,0.000255744,6.33E-06,1810
0.000359245,0.006225694,0.000223037,1.05E-05,0.200441986,0.007658903,0.00016654,1815
7.54E-05,0.00295469,8.60E-05,7.25E-07,0.3087963,0.004120027,6.10E-05,1820
6.22E-05,0.003739226,0.000125102,5.45E-07,0.33402434,0.002762088,4.80E-05,1825
0.000471208,0.004922643,0.000949336,8.42E-06,0.03195007,0.08644588,0.000108397,1830
0.000142239,0.006744698,0.000157447,1.11E-05,0.054034233,0.022500966,0.000225843,1835
5.54E-05,0.003981661,3.49E-05,4.79E-06,0.030452836,0.031562585,6.04E-05,1840
4.25E-05,0.003527927,4.41E-05,5.11E-06,0.09837538,0.014295532,0.000170649,1845
0.000128468,0.002924051,7.47E-05,1.21E-05,0.018406015,0.016587853,0.000279575,1850
5.24E-05,0.003265206,4.04E-05,2.67E-06,0.1362889,0.010488595,0.000105776,1855
,,,,,,,1880
,,,,,,,1885
3.11E-06,0.000713034,5.49E-06,2.08E-07,0.677596152,0.000393518,3.70E-05,1890
5.53E-05,0.004508256,4.45E-05,4.56E-07,0.237561166,0.005860169,2.02E-05,1895
0.002843179,0.0551657,0.00115825,3.24E-05,0.0605797,0.020082505,0.00023532,1900
0.000147645,0.002925365,0.000176071,7.63E-06,0.4353223,0.001990598,0.000387073,1905
5.82E-05,0.002511009,7.29E-05,6.88E-06,0.148663566,0.045808394,0.000179614,1910
2.46E-05,0.003999555,4.80E-05,3.71E-07,0.6530616,0.000737793,2.11E-05,1915
7.95E-05,0.007628615,0.000134767,9.35E-07,0.400361925,0.002419342,2.74E-05,1920
2.27E-05,0.003258524,2.51E-05,6.54E-08,0.416455328,0.000277098,7.46E-06,1925
8.50E-05,0.009961366,3.41E-05,3.83E-07,0.250590354,0.000516643,1.95E-05,1930
0.000192605,0.00902311,7.23E-05,5.41E-07,0.2182223,0.000982294,2.39E-05,1935
8.10E-05,0.003672135,9.56E-05,5.25E-07,0.317623526,0.004005087,2.38E-05,1940
,,,,,,,1955
,,,,,,,1960
6.90E-05,0.006141067,3.98E-05,4.80E-06,0.8616663,0.000869604,0.000106895,1965
0.000237637,0.017976243,0.000151823,4.25E-06,0.488806,0.002159964,0.000130669,1970
1.16E-05,0.008801743,1.89E-05,1.32E-07,0.5164734,0.002572651,2.43E-06,1975
3.63E-05,0.003198907,1.12E-05,2.90E-06,0.53007853,0.000179551,0.000170255,1980
0.000101143,0.003242985,3.09E-05,5.24E-06,0.4109566,0.000507263,0.000128853,1985
1.13E-05,0.007073788,3.11E-05,7.88E-07,0.25648436,0.024644073,1.93E-05,1990
3.32E-05,0.003649088,2.82E-05,4.94E-07,0.72135514,0.000306523,2.20E-05,1995
2.16E-12,1.14E-14,3.08E-12,7.98E-14,1,5.50E-13,2.35E-10,2000
7.20E-09,2.49E-10,2.92E-10,4.02E-11,0.9999999,4.27E-08,3.24E-09,2005
2.21E-06,0.000672196,4.52E-06,3.31E-08,0.984681547,0.001637323,4.62E-07,2010
4.28E-08,1.20E-08,3.58E-07,6.01E-09,0.999997437,8.79E-08,1.09E-06,2015
8.18E-12,7.01E-15,2.69E-12,3.51E-13,1,4.61E-13,6.13E-10,2020
0.000108011,0.004189783,0.00041754,1.20E-05,0.8383495,0.00043853,0.004213922,2030
0.000235106,0.007025272,0.000756012,0.000317961,0.019433986,0.02515602,0.008754857,2035
0.001103902,0.004073218,0.002708281,0.000164829,0.328256339,0.00337796,0.2083651,2040
0.000461419,0.001106212,0.002884876,2.27E-05,0.695301235,0.000660388,0.107873477,2045
8.03E-05,0.002508147,0.000283529,6.55E-06,0.7335016,0.000250929,0.004365326,2050
4.36E-05,0.002083283,1.31E-05,4.57E-06,0.004783202,0.001372349,0.000412009,2055
0.000375455,0.008747295,0.000881458,4.65E-06,0.542278469,0.00024244,0.002749381,2060
0.007820813,0.005526047,0.009881777,0.001287821,0.009777275,0.019928813,0.045997042,2065
0.000274659,0.005811721,0.002823805,3.51E-05,0.1423224,0.019999474,0.003862166,2070
0.005340538,0.005962786,0.003883924,0.000963408,0.020212784,0.007005452,0.103087708,2075
0.002947227,0.007411292,0.006317451,0.000106521,0.06215165,0.005497398,0.035162732,2080
3.56E-05,0.001266778,0.000208303,0.00016267,0.001015811,0.021010108,0.00624038,2085
0.006978244,0.028204674,0.00922417,0.000229988,0.086239405,0.02603344,0.002624895,2090
4.75E-05,0.003171501,0.000112995,2.75E-05,0.002854956,0.005125916,0.01604198,2095
0.003503726,0.024790334,0.003000367,1.42E-05,0.052983724,0.000492854,0.141037509,2100
0.003779686,0.010522212,0.006356544,0.001414894,0.05917184,0.01396793,0.228036523,2105
0.000100199,0.002124812,0.001285621,0.000384123,0.028725375,0.02848591,0.083342195,2110
0.001150742,0.004491225,0.003210119,0.000269967,0.011312829,0.030583028,0.039450385,2115
0.001016579,0.011342004,0.012765457,0.001191197,0.336546868,0.022083316,0.156685352,2120
0.000778404,0.000435316,0.00658358,6.67E-05,0.011067625,0.000936181,0.774869561,2125
0.000901897,0.00745843,0.005482138,0.000890991,0.015829451,0.031910934,0.033696823,2130
0.003299515,0.011283582,0.006867166,0.000214108,0.0227265,0.0310104,0.017636467,2135
0.002611866,0.02624081,0.005544676,0.000202024,0.143455848,0.009262696,0.04055514,2140
0.002037193,0.008984507,0.0107876,0.000419646,0.01844456,0.074143894,0.026075948,2145
0.003872306,0.075523555,0.015600231,0.000887189,0.012690968,0.131957456,0.025488848,2150
0.000132062,0.003590085,0.001062724,1.35E-05,0.618428,0.002929077,0.005353743,2155
0.002783626,0.007463698,0.005524957,0.00109329,0.293733329,0.009728048,0.131682009,2160
0.000904408,0.002896445,0.001236335,3.65E-05,0.010099797,0.001661841,0.144063473,2165
0.001355013,0.003628964,0.004092016,0.000591518,0.004633431,0.03463675,0.017654233,2170
0.00024208,0.008511256,0.000513161,2.95E-05,0.007171626,0.00722786,0.000961513,2175
0.000126589,0.003641081,0.00026178,4.56E-05,0.005353171,0.005926528,0.002692606,2180
0.000666849,0.001297405,0.00010053,1.63E-05,7.44E-05,0.05124255,0.000224783,2185
0.000200275,0.00035264,5.44E-05,1.01E-05,0.000173174,0.007049977,0.001559193,2190
0.000778167,0.000461279,0.000337347,3.61E-05,0.000120269,0.028373847,0.002313048,2195
5.94E-05,6.15E-05,5.59E-06,6.15E-07,5.26E-05,0.010861628,2.74E-05,2200
0.000115498,0.000275834,1.60E-05,1.51E-06,0.000680552,0.005881707,7.93E-05,2205
9.56E-06,0.001057929,6.94E-06,3.83E-07,0.09913679,0.00162208,5.32E-05,2210
1.33E-09,7.33E-11,7.74E-09,1.24E-11,1,4.79E-09,1.63E-09,2215
1.91E-06,0.000407903,5.32E-06,7.45E-08,0.946338058,0.00018404,1.39E-05,2220
1.29E-05,0.00261734,3.64E-05,1.43E-07,0.8721539,0.000521475,3.25E-06,2225
3.75E-05,0.003253159,4.00E-05,1.01E-06,0.8588108,0.000541856,3.10E-05,2230
8.15E-05,0.01022355,0.000133994,2.65E-06,0.6884089,0.003373659,5.11E-05,2235
2.25E-05,0.008583911,2.50E-05,4.86E-07,0.8296423,0.00059145,1.38E-05,2240
7.42E-06,0.004128457,8.34E-06,1.19E-07,0.8964151,0.000115088,1.04E-05,2245
2.71E-06,0.002207336,3.19E-06,3.08E-08,0.9389257,0.000113842,1.65E-06,2250
4.23E-05,0.002760262,5.73E-05,7.41E-07,0.87823236,0.000864928,3.30E-05,2255
3.14E-05,0.006621472,7.78E-05,5.27E-07,0.655874431,0.005474838,1.41E-05,2260
2.28E-05,0.004995867,2.38E-05,7.10E-07,0.797454655,0.000394963,4.82E-05,2265
3.14E-05,0.004900204,5.93E-05,2.60E-07,0.7916048,0.005142407,5.86E-06,2270
4.39E-05,0.002411195,5.35E-05,1.10E-05,0.008845273,0.106637143,0.0001197,2275
1.73E-05,0.002282471,1.39E-05,5.55E-07,0.350498438,0.001048839,0.000102521,2280
9.64E-05,0.002195477,8.06E-05,3.86E-06,0.167503268,0.004933078,0.000323584,2285
3.19E-05,0.003670643,6.33E-05,1.54E-06,0.381501228,0.007531146,9.73E-05,2290
3.81E-05,0.001552725,3.32E-05,1.28E-06,0.131164789,0.003064112,0.000334326,2295
5.26E-05,0.002268381,6.54E-05,2.45E-06,0.832913041,0.003787061,3.85E-05,2300
0.000120307,0.005699834,0.000118322,5.55E-06,0.7130939,0.003929071,8.78E-05,2305
0.00023544,0.006000808,0.000187886,1.47E-05,0.469349355,0.004706999,0.000246416,2310
0.000266235,0.004144014,0.000242892,7.66E-06,0.560457945,0.004420773,0.000162158,2315
3.76E-05,0.002922096,4.15E-05,1.54E-06,0.43785277,0.004587835,5.66E-05,2320
2.49E-05,0.001527468,1.87E-05,8.19E-07,0.5774103,0.000510465,3.08E-05,2325
7.73E-05,0.006108078,0.000237255,3.94E-06,0.3200201,0.08019042,3.24E-05,2330
0.000131477,0.005962746,0.000205595,4.42E-06,0.203112289,0.011198013,0.000263931,2335
2.30E-05,0.003620819,1.82E-05,2.33E-06,0.10940139,0.008436178,7.72E-05,2340
0.000287462,0.011961579,0.001002408,8.71E-06,0.09527281,0.009021027,0.001775644,2345
0.001145656,0.005691011,0.005321635,0.000223499,0.06289197,0.007942731,0.05619778,2350
0.002061275,0.008583668,0.005457261,0.000116023,0.009891403,0.042359628,0.003573335,2355
0.00010656,0.002721177,0.000252681,3.34E-05,0.006535065,0.003345031,0.006840596,2360
0.002147524,0.0065992,0.007757782,6.85E-05,0.061181728,0.010756632,0.01865681,2365
1.74E-05,0.003968906,7.40E-05,1.24E-05,0.005134716,0.016310314,0.003522183,2370
0.002447435,0.039314542,0.003565962,0.000102877,0.022230836,0.028148035,0.002411882,2375
0.005018207,0.001083076,0.00562823,9.39E-05,0.003299776,0.006114597,0.430147558,2380
0.000208415,0.001552486,0.000119283,0.000116393,0.000578542,0.011005253,0.01264693,2385
0.003829086,0.009116061,0.001007163,0.00017025,0.004119399,0.022252891,0.001034509,2390
0.000179763,0.006580208,0.001658277,8.14E-05,0.008252784,0.043845527,0.00462333,2395
0.008147554,0.017232785,0.042882033,0.007462248,0.00421562,0.17159611,0.087249555,2400
0.00044106,0.004837184,0.002669554,0.004402042,0.011278302,0.114095561,0.121447831,2405
0.00260487,0.005290537,0.01618489,0.000268026,0.0645407,0.01948268,0.053804897,2410
0.001633021,0.006259067,0.001368906,9.85E-05,0.002311742,0.03559698,0.001874766,2415
0.008385093,0.006418261,0.026408568,0.007120151,0.006006493,0.06352564,0.199468032,2420
0.000265363,0.014069652,0.001567013,4.85E-06,0.7209634,0.002382253,0.000941094,2425
8.35E-05,0.002869043,0.000542145,0.000150481,0.001788354,0.023411077,0.014066801,2430
0.000211826,0.000289874,0.000402002,9.26E-05,0.000168932,0.116952635,0.001728187,2435
0.010360391,0.010546269,0.009943755,0.000957133,0.00824235,0.013544829,0.03616949,2440
0.000974962,0.004100913,0.002970002,0.000124052,0.006537479,0.043655515,0.005973717,2445
0.001417592,0.0040099,0.002825429,0.000135652,0.025409514,0.016691594,0.027146641,2450
0.001682771,0.011166967,0.007953364,0.000297099,0.004642113,0.037341446,0.027763305,2455
0.000546421,0.000863752,0.000971174,0.000332169,0.025267758,0.008751528,0.2299448,2460
0.000780507,0.011783439,0.006319003,4.67E-05,0.133780122,0.011602513,0.052341055,2465
0.004006223,0.013872144,0.002402584,0.000207392,0.018598987,0.005658765,0.013966965,2470
0.000780307,0.003233567,0.003035981,0.000301422,0.187273592,0.003391335,0.468544245,2475
0.004233563,0.008503011,0.010195432,0.003433611,0.184867114,0.008977416,0.26387313,2480
0.000340706,0.013382723,0.000183718,6.83E-06,0.07254211,0.018676447,7.00E-05,2485
0.000122429,0.035050504,9.80E-05,4.01E-06,0.5593813,0.000760361,7.79E-05,2490
0.00047252,0.012884932,0.000480512,3.99E-05,0.350066274,0.02795704,0.000256972,2495
6.49E-05,0.014755054,6.20E-05,3.19E-06,0.5345828,0.002122141,6.01E-05,2500
4.34E-05,0.00214705,3.72E-05,2.91E-06,0.18839328,0.002143662,0.000637996,2505
1.54E-05,0.002152356,1.53E-05,3.00E-07,0.2042446,0.0013885,8.18E-05,2510
2.60E-05,0.001339372,1.83E-05,1.05E-06,0.2897841,0.002142145,0.000163612,2515
2.60E-05,0.002839328,3.35E-05,1.94E-06,0.264936358,0.003265978,0.000158856,2520
1.60E-05,0.004843373,1.68E-05,1.22E-06,0.4191802,0.007251347,3.73E-05,2525
0.000228314,0.004509146,0.000175715,3.78E-06,0.281894922,0.004709924,0.000104595,2530
7.81E-05,0.003418,4.99E-05,1.48E-06,0.19045347,0.001007601,0.000133151,2535
0.000104675,0.00485347,0.000112932,1.51E-06,0.057882797,0.005280695,6.52E-05,2540
4.12E-05,0.002769812,4.04E-05,5.74E-07,0.313100964,0.002819421,2.36E-05,2545
2.60E-05,0.002263387,1.89E-05,4.90E-07,0.5687535,0.000177256,4.83E-05,2550
5.51E-05,0.004057365,4.17E-05,8.40E-07,0.390366077,0.000663096,6.09E-05,2555
2.21E-05,0.002177567,1.25E-05,1.32E-07,0.293566376,0.000333651,2.45E-05,2560
2.49E-05,0.004096374,2.06E-05,3.08E-07,0.320843816,0.000752973,2.73E-05,2565
2.30E-05,0.002714555,3.41E-05,3.79E-07,0.5420773,0.002703317,1.13E-05,2570
9.44E-05,0.006671194,5.60E-05,1.54E-06,0.363063365,0.001342546,5.53E-05,2575
0.000161549,0.007257396,7.50E-05,2.36E-06,0.279172,0.001104711,9.66E-05,2580
0.000122214,0.004395322,8.37E-05,1.78E-06,0.265590727,0.001177648,0.000114587,2585
6.74E-05,0.006742513,6.73E-05,1.32E-06,0.301803946,0.00209945,6.72E-05,2590
8.32E-05,0.005124984,0.000166686,1.22E-05,0.267591625,0.003246658,0.000736911,2595
,,,,,,,2625
0.000566103,0.005928894,0.005699989,0.000184168,0.002763465,0.024251942,0.019510431,2630
0.000351827,0.00855347,0.003048717,0.000273444,0.006999912,0.026266063,0.060640782,2635
0.000676442,0.008557225,0.006260862,0.000142994,0.007048163,0.027943367,0.01467342,2640
4.07E-05,0.001563833,0.00021204,2.72E-05,0.002660261,0.003890351,0.004616436,2645
0.004636215,0.01633606,0.012382236,0.000151926,0.11739058,0.008392203,0.025406264,2650
0.000463933,0.005146521,0.005278979,0.000133411,0.02574984,0.018571286,0.008812863,2655
0.000357828,0.001909455,0.001600118,7.99E-06,0.00038743,0.00446448,0.142770275,2660
0.002611583,0.006843108,0.004343104,0.000135425,0.013346201,0.009886117,0.015113076,2665
0.003661405,0.003171641,0.009437661,0.000240392,0.001825746,0.058100145,0.022005396,2670
0.002666836,0.005090141,0.004505419,0.000480068,0.005052784,0.040165134,0.018600008,2675
0.00055547,0.002701037,0.001167649,0.000227901,0.002532559,0.03807509,0.01573287,2680
0.003721091,0.007057835,0.004478966,0.000230081,0.03464767,0.006534207,0.08335271,2685
0.000397461,0.003067932,0.001025419,0.000159132,0.00329282,0.013801424,0.007828294,2690
0.000470172,0.010654363,0.000687835,2.47E-05,0.018972654,0.001853134,0.00976176,2695
0.000374473,0.006623883,0.002801697,5.28E-05,0.03239376,0.01164695,0.004913227,2700
0.000141831,0.011463916,0.000882688,0.000162977,0.015811848,0.028815966,0.005963218,2705
0.001698227,0.009231792,0.013171358,0.00010319,0.026674889,0.02848138,0.026451785,2710
0.001767352,0.011734684,0.00577187,0.000119923,0.01876188,0.029609451,0.011488569,2715
0.002064195,0.014161486,0.016903915,0.000163502,0.055350844,0.02614499,0.026863018,2720
0.001871207,0.003094788,0.000315501,0.00039974,0.003987313,0.000453525,0.614293,2725
0.000257675,0.009983119,0.002603291,3.18E-05,0.03800041,0.01357269,0.007893645,2730
0.001182736,0.008746937,0.002268038,8.25E-05,0.03365978,0.006943736,0.004618834,2735
0.008605989,0.013956714,0.00130596,2.43E-05,0.000467675,0.003263286,0.02192157,2740
0.001928,0.005717916,0.009395853,0.000408494,0.006038217,0.041575186,0.056756187,2745
6.90E-05,0.004312866,0.002739072,4.22E-05,0.006777873,0.025176441,0.042838823,2750
6.63E-06,0.000293748,7.14E-05,1.06E-06,2.38E-06,0.180686682,0.00011887,2755
0.001967855,0.001521596,0.001045692,0.001738198,0.000436528,0.15713425,0.005860134,2760
8.52E-06,4.08E-05,3.81E-06,1.98E-07,0.01910041,0.004432607,8.67E-05,2765
0.000177952,0.006145217,0.000176997,1.75E-05,0.006302289,0.037570097,0.000517626,2770
0.000803336,0.000441844,0.000355552,0.000253162,5.68E-05,0.054133184,0.005022634,2775
0.002540964,0.000805343,0.000977622,0.000192889,0.000167298,0.029642284,0.005975427,2780
0.000485536,0.001206266,0.000489278,6.61E-05,0.000409728,0.021814141,0.002595651,2785
0.00017804,0.000566961,4.53E-05,7.01E-05,4.07E-05,0.103253067,0.000597091,2790
0.000139979,0.000490933,5.80E-05,6.17E-05,2.40E-05,0.08242061,0.00126993,2795
0.000197121,0.000213384,4.61E-05,2.79E-05,1.05E-05,0.05064526,0.001373697,2800
0.002236398,0.00144175,0.001375814,0.001233997,0.000759684,0.135869935,0.005696118,2805
0.001126033,0.000583305,0.000523252,7.06E-05,0.000123575,0.021496292,0.003714965,2810
0.000418166,0.000480621,6.66E-05,8.98E-06,3.30E-05,0.0313855,0.000178143,2815
0.000139925,0.000429985,4.17E-05,2.58E-05,1.23E-05,0.053955432,0.000658734,2820
0.000327792,0.00049244,8.37E-05,0.00010553,2.18E-05,0.025402542,0.004647204,2825
0.000111618,0.006614714,0.000101702,1.52E-05,0.029052828,0.02638626,0.000448139,2830
0.000274287,0.000414635,8.78E-05,0.00011726,9.39E-05,0.04297038,0.002047837,2835
0.00011323,0.002252485,0.000262973,1.21E-05,0.000715636,0.126369238,0.000341632,2840
2.27E-05,0.000124262,1.79E-05,3.67E-06,8.96E-05,0.049048036,7.72E-05,2845
0.000114196,0.000493582,0.000116476,1.42E-05,0.000736636,0.043094974,0.000310858,2850
0.000389483,0.002711695,0.000213305,9.87E-05,0.001562125,0.019799901,0.003704992,2855
6.52E-05,0.001957998,4.48E-05,1.84E-06,0.003705485,0.008514244,0.000115511,2860
0.002922194,0.002550862,0.001636556,0.000229899,0.000490534,0.044052236,0.005785625,2865
0.00107888,0.000936684,0.000530618,0.000126575,0.000213308,0.038193706,0.004140307,2870
0.000675167,0.001177578,0.001076621,3.13E-05,0.000182096,0.09380212,0.000712921,2875
0.000779187,0.000711527,0.000373591,0.000242545,0.000246896,0.072947286,0.00455254,2880
0.000509307,0.000932841,0.000231341,2.78E-05,0.000315117,0.035996724,0.001609498,2885
0.000581975,0.000618808,0.000109266,3.51E-05,0.000143466,0.019731665,0.002202855,2890
0.000629893,0.009124761,0.00036295,1.09E-05,0.172897741,0.01204966,0.002416636,2895
,,,,,,,2910
,,,,,,,2915
,,,,,,,2920
,,,,,,,2925
,,,,,,,2930
,,,,,,,2935
,,,,,,,2940
,,,,,,,2945
,,,,,,,2950
,,,,,,,2955
,,,,,,,2960
,,,,,,,2965
,,,,,,,2970
0.001098074,0.000660139,0.000686454,0.000117455,4.95E-05,0.0912326,0.003145989,2975
0.000442632,0.000464874,0.000111967,8.57E-06,5.10E-05,0.009574794,0.000858572,2980
0.001655859,0.001010775,0.000615585,0.000334401,0.000129684,0.045933258,0.006645285,2985
0.001942166,0.001216091,0.000542019,0.000141068,0.000208733,0.028416239,0.004057283,2990
6.95E-05,0.000421049,2.10E-05,4.40E-06,0.000402502,0.008890598,0.000846144,2995
8.11E-05,0.001282105,6.53E-05,9.79E-06,0.000760373,0.015457945,0.00036961,3000
7.50E-05,0.000641428,3.02E-05,1.95E-05,0.000177224,0.021227764,0.000578001,3005
3.62E-05,0.0002177,1.72E-05,3.11E-05,2.61E-05,0.051179178,0.000848768,3010
0.000133791,0.000483526,0.000140114,4.51E-05,0.9847448,0.000448792,0.005111293,3015
0.001531591,0.006163948,0.00406228,0.000105918,0.1625928,0.019529538,0.017103864,3020
9.27E-05,0.002289705,0.000512094,5.78E-06,0.000175669,0.05664958,0.000267359,3025
0.003126424,0.012482175,0.007293478,0.000562401,0.02031364,0.036144797,0.012094689,3030
0.000597425,0.011457859,0.004589028,3.97E-05,0.084573746,0.030342111,0.009184837,3035
0.004259815,0.005937038,0.018996546,0.001068111,0.001746152,0.113891378,0.010229403,3040
6.14E-05,0.001149169,0.000459898,4.48E-05,0.002729683,0.019584492,0.012182493,3045
7.07E-05,0.002038377,0.000574457,0.000175112,0.008945001,0.04202147,0.038927827,3050
0.003606971,0.011870657,0.003090453,0.000209576,0.026746756,0.036817603,0.005144278,3055
0.000869464,0.035976462,0.000772328,7.82E-06,0.009506159,0.00206698,0.003197106,3060
0.007093549,0.009639841,0.00822615,0.00029363,0.014403292,0.007611356,0.020267142,3065
0.002384345,0.007449484,0.016752247,0.000396194,0.001967266,0.087708384,0.046422407,3070
0.005470158,0.011741001,0.024326714,0.004368979,0.033465665,0.06819083,0.096789904,3075
6.53E-05,0.001448083,0.000738158,4.80E-05,0.000220084,0.06787261,0.003920772,3080
0.002645427,0.006321761,0.002806966,9.14E-05,0.010171691,0.006729743,0.004919637,3085
0.000523654,0.00728481,0.004778489,0.00012881,0.00176554,0.08225825,0.005896455,3090
0.01173029,0.012709077,0.036211867,0.000630107,0.016529981,0.0680141,0.011987287,3095
0.002975969,0.007427371,0.005077495,0.000131476,0.000469529,0.127813324,0.004672752,3100
0.00054002,0.003964204,0.00244804,3.90E-05,0.00116955,0.002890356,0.015984507,3105
0.000469179,0.007524294,0.0004932,1.46E-05,0.002298944,0.053953983,0.001259924,3110
0.000915559,0.003132204,0.001223066,0.000157366,0.001971222,0.0207815,0.021470765,3115
0.000254171,0.002731849,0.002899829,1.03E-05,0.03611869,0.007158867,0.032117918,3120
0.000544923,0.00489675,0.001970039,1.44E-05,0.12749657,0.004052922,0.002526402,3125
0.000256083,0.012546275,0.000425681,5.01E-06,0.001722352,0.00182282,0.018224977,3130
0.000103277,0.007076315,0.000831459,2.69E-05,0.001708253,0.011492063,0.073454954,3135
0.002501913,0.004061723,0.002722855,9.45E-05,0.002322895,0.0060499,0.109570391,3140
0.0058177,0.003874659,0.012489601,0.002005679,0.00237373,0.09212957,0.058154065,3145
0.001443609,0.005652971,0.006411161,0.000433537,0.002775521,0.08578579,0.024711773,3150
7.76E-05,0.003036583,0.000135745,5.51E-05,0.000139941,0.016524589,0.005214481,3155
0.000250265,0.005589556,0.003999398,0.000219347,0.013422657,0.07281154,0.049994364,3160
0.00061114,0.007433974,0.001269692,0.000343967,0.006187474,0.123814054,0.01318589,3165
0.002270471,0.006352294,0.013625997,0.004358575,0.023332942,0.096816815,0.167632684,3170
0.005009302,0.008337184,0.023283368,0.003156237,0.007375672,0.02012131,0.5532316,3175
0.007964406,0.005999564,0.024436504,0.001036681,0.029455593,0.017613564,0.411734939,3180
0.011636829,0.01852003,0.007820402,0.005615029,0.158350781,0.00693597,0.235543355,3185
0.003457882,0.009919254,0.006671512,0.000142426,0.08897326,0.006372428,0.01567434,3190
0.002429646,0.009398024,0.002861587,9.44E-05,0.121926926,0.006167602,0.006263748,3195
0.000158782,0.001763506,0.000148189,3.44E-05,0.000486141,0.021576589,0.00056867,3200
0.001754792,0.00256098,0.000800546,4.36E-05,0.020601958,0.01004426,0.005672394,3210
0.002004225,0.006911956,0.001404525,0.000243047,0.006580726,0.029723773,0.008101769,3215
0.009763243,0.01977714,0.006624057,0.000207172,0.020571895,0.07518345,0.001792352,3220
0.002886106,0.012684658,0.016775876,0.00027523,0.005662595,0.108298168,0.018021539,3225
0.009640982,0.015143922,0.013318634,0.00020529,0.132094368,0.007252965,0.00653304,3230
0.00603414,0.009811175,0.008260617,0.000702912,0.07102463,0.00513319,0.07989276,3235
0.004686077,0.01871298,0.01064419,0.000779688,0.12393333,0.03666414,0.00696238,3240
9.21E-05,0.003020388,0.000599056,2.82E-05,0.007941523,0.009660201,0.005916499,3245
0.001308795,0.005927457,0.005309837,7.49E-05,0.002021724,0.01877513,0.03930693,3250
0.004492501,0.029632583,0.008392656,0.000220701,0.062353253,0.016278653,0.010860355,3255
0.005594136,0.02003983,0.015466024,0.004001325,0.066657424,0.1424835,0.030133998,3260
0.000355089,0.001229467,0.000556833,5.08E-05,0.001102358,0.012666693,0.050736543,3265
0.002711332,0.006887751,0.0171437,0.0002913,0.0049749,0.034759905,0.01477017,3270
1.47E-05,0.000968107,1.14E-05,4.71E-07,0.001558258,0.014449107,9.84E-05,3275
0.000448599,0.000248857,8.99E-05,3.63E-05,3.30E-05,0.019145645,0.00222042,3280
0.000626188,0.000740662,0.000304737,0.000150438,0.000205178,0.043868426,0.00321002,3285
0.000554721,0.001482535,0.000208193,2.08E-05,0.000568572,0.023032853,0.000570673,3290
0.002451176,0.001477774,0.002003944,0.000516837,0.000142238,0.081693746,0.005421053,3295
0.000992323,0.001436276,0.000754901,2.71E-05,0.0001801,0.06900517,0.000593159,3300
0.000638836,0.001797476,0.000196201,1.36E-05,4.54E-05,0.07780314,0.000160381,3305
0.000164049,0.000568712,3.40E-05,3.77E-05,4.95E-05,0.031991392,0.000711641,3310
0.000505093,0.000848394,5.05E-05,3.84E-06,4.23E-06,0.06320172,0.000139429,3315
0.000202995,0.000482342,2.90E-05,1.74E-05,3.35E-05,0.046230916,0.000208734,3320
5.20E-05,0.000436925,4.36E-06,4.08E-07,2.81E-05,0.001111222,5.34E-05,3325
0.000162982,0.000313111,5.48E-06,6.52E-07,1.04E-05,0.005703776,2.22E-05,3330
7.51E-05,0.001705632,9.03E-06,3.00E-06,0.001178945,0.001622078,0.000183191,3335
0.000607192,0.000265006,2.87E-05,6.41E-06,1.13E-05,0.01706363,0.000118177,3340
0.000335979,0.000927385,0.000224038,5.36E-05,0.000121955,0.107498214,0.00063824,3345
0.000930455,0.001130609,0.000223952,6.79E-06,4.03E-05,0.043605775,8.77E-05,3350
0.000119414,0.000157086,8.42E-06,5.20E-06,1.30E-05,0.019093046,5.39E-05,3355
0.000822185,0.001220615,0.000261962,1.45E-05,5.49E-05,0.034972057,0.000323028,3360
0.000100046,0.000837692,7.72E-05,9.43E-06,0.000502644,0.015012413,0.000724481,3365
8.88E-05,0.0005261,1.91E-05,1.19E-06,0.000242507,0.021529205,5.68E-05,3370
0.000268494,0.002828595,0.001473722,2.06E-05,0.06208546,0.002320441,0.3138003,3375
0.00745808,0.019182678,0.012386686,0.000437819,0.333516866,0.07777922,0.003900001,3380
0.000243012,0.012037179,0.000463346,1.75E-05,0.6916465,0.011232399,0.001011348,3385
0.000678454,0.01117573,0.003044658,0.001686982,0.154869169,0.05184962,0.059648674,3390
0.001036371,0.04220196,0.005725626,6.34E-05,0.020501303,0.052543227,0.004344671,3395
0.001503616,0.002126036,0.006428214,0.000126154,0.47393167,0.03961341,0.03387423,3400
0.001869792,0.01702959,0.000966064,2.52E-05,0.001812703,0.07440682,0.000432596,3405
0.00091745,0.005873146,0.01012827,0.000141532,0.034810003,0.1325097,0.009594065,3410
0.001654107,0.007905059,0.005302935,0.000990909,0.012173863,0.124573596,0.009340525,3415
0.004540175,0.008117895,0.01259572,0.001593961,0.015743434,0.038082857,0.019410461,3420
0.001796639,0.002962493,0.004000795,7.40E-05,0.005157385,0.011630253,0.01781389,3425
0.000708961,0.00445943,0.000290266,5.02E-05,0.007196006,0.00198178,0.034734536,3430
0.002116077,0.003470374,0.004085798,0.000207774,0.017086048,0.064761676,0.012926988,3435
0.011113003,0.007093592,0.032472912,0.01002496,0.090243794,0.17838715,0.202835843,3440
5.17E-05,0.001519453,6.48E-05,1.75E-05,0.001067872,0.018174276,0.000595245,3445
,,,,,,,3455
0.000678819,0.01617461,0.000941835,1.58E-05,0.009539408,0.1510497,0.000725219,3460
9.47E-05,0.000938522,1.85E-05,3.38E-05,0.002089864,0.003986631,0.002109275,3465
9.52E-05,0.000328674,1.63E-05,1.13E-06,0.000210218,0.012143338,8.38E-05,3470
0.000116709,0.000322621,2.06E-05,7.70E-06,0.000331087,0.007265075,0.000529615,3475
0.000528793,0.001920291,0.002609648,0.00011062,0.040365536,0.08479004,0.008970157,3480
1.64E-05,0.002837693,2.70E-05,9.28E-07,0.5685606,0.002834063,6.21E-05,3485
3.78E-05,0.006925128,3.43E-05,3.69E-06,0.147543937,0.011765108,7.59E-05,3490
0.000100421,0.011056522,8.39E-05,1.16E-05,0.150695071,0.011795923,0.00021445,3495
8.72E-05,0.005896953,7.73E-05,2.18E-05,0.209541708,0.02105994,0.000255202,3500
7.36E-05,0.008877743,4.88E-05,5.44E-06,0.12220066,0.010121659,0.000100216,3505
0.000226623,0.002184955,0.000162645,0.000275386,0.838653147,0.006092958,0.004605856,3510
0.000351745,0.008554353,0.000534121,1.61E-05,0.266476721,0.002608184,0.001195096,3515
0.005214217,0.000637902,0.001307787,0.02420974,0.007930489,0.006583435,0.340781152,3520
0.000191814,0.008195676,8.03E-05,1.93E-06,0.357546777,0.000581423,0.00024208,3525
8.14E-05,0.000597137,5.05E-05,2.70E-05,0.0355096,0.033491842,0.002016912,3540
4.10E-05,0.007213549,7.83E-05,4.17E-05,0.012143407,0.105225667,0.001063301,3545
5.96E-05,0.002671293,3.91E-05,6.05E-06,0.054035116,0.022004377,0.000415489,3550
0.000168443,0.010134855,0.00013408,7.47E-07,0.347150922,0.000587385,4.74E-05,3555
9.85E-05,0.005484694,0.00017764,9.28E-07,0.101644136,0.010166832,5.12E-05,3560
9.47E-05,0.002054093,6.00E-05,5.54E-06,0.01880171,0.032925353,0.00014684,3565
1.34E-05,0.002253094,2.71E-05,3.54E-08,0.224470347,0.001506879,7.35E-06,3570
0.000490605,0.007217509,0.000253903,1.73E-05,0.09659195,0.004306308,0.000773606,3575
0.000133114,0.002550643,0.000192699,1.77E-06,0.0196088,0.024189537,5.35E-05,3580
0.000396437,0.007071435,0.000327108,7.44E-06,0.11268273,0.005411758,0.000180881,3585
0.000264155,0.005232905,0.000217222,1.50E-06,0.105968341,0.008383765,6.74E-05,3590
1.91E-05,0.002610029,2.15E-05,5.38E-07,0.5284995,0.003376901,2.24E-05,3595
0.000118338,0.008837716,7.09E-05,2.50E-06,0.172168672,0.000907068,0.000163815,3600
0.000276796,0.019639509,0.00025263,5.28E-06,0.15231283,0.009120137,0.000389285,3605
5.18E-05,0.001764859,7.13E-05,3.53E-06,0.596037269,0.00286032,0.000188365,3610
,,,,,,,3620
,,,,,,,3625
,,,,,,,3630
1.25E-05,0.002092749,8.95E-06,2.18E-06,0.7058268,0.000416986,9.47E-05,3635
0.000709895,0.023013426,0.000223199,7.02E-06,0.3485144,0.001249577,0.000322676,3640
6.88E-05,0.008905144,7.15E-05,2.26E-06,0.458124429,0.018566465,0.000501299,3645
8.20E-05,0.007984103,8.99E-05,7.32E-06,0.317181617,0.002174602,0.000237496,3650
1.12E-05,2.94E-05,1.81E-05,1.02E-06,0.9989602,0.000208993,1.31E-05,3655
3.62E-09,2.27E-10,1.92E-08,5.59E-10,0.9999999,1.22E-08,4.03E-08,3660
0.000853919,0.005037852,0.001917516,0.000865351,0.02372596,0.028334282,0.006899724,3665
,,,,,,,3680
,,,,,,,3685
,,,,,,,3690
,,,,,,,3695
,,,,,,,3700
0.00018912,0.001925455,0.000957615,1.59E-05,0.155311048,0.001405605,0.08074508,3705
4.42E-09,2.19E-11,2.18E-08,8.55E-11,0.99999994,7.97E-10,3.22E-08,3710
0.001075681,0.002449243,0.001399235,0.000663554,0.7670909,0.005699606,0.03345997,3715
0.000703422,0.002192959,0.002211631,2.46E-05,0.7382931,0.000229253,0.029540794,3720
7.82E-05,0.00477602,0.000657683,8.57E-06,0.049815327,0.030664995,0.002144578,3725
6.04E-06,0.000583776,4.31E-05,1.26E-07,0.9365268,6.91E-06,0.000102238,3730
0.00069827,0.006379646,0.003633554,2.08E-05,0.6236892,0.001023701,0.006134397,3735
0.000719988,0.010584155,0.002788334,0.000100559,0.317584336,0.015622599,0.008372988,3740
0.003257479,0.014200241,0.002604033,0.000383881,0.026544677,0.00796493,0.005517672,3745
0.00091918,0.012613731,0.00161466,7.20E-06,0.525642037,0.001357644,0.001221632,3750
0.000207249,0.006403947,0.000741163,4.89E-05,0.16575785,0.018530047,0.000954052,3755
0.003054149,0.009774089,0.008829816,5.67E-05,0.2838918,0.003236554,0.019620318,3760
1.26E-05,0.00056643,0.000142489,7.33E-06,0.000396147,0.025185214,0.003614749,3765
0.003547105,0.008236837,0.009797758,0.00032331,0.3893761,0.007881186,0.05117586,3770
0.000808275,0.016771032,0.00331097,0.000308238,0.2827689,0.04445464,0.002625187,3775
0.000139462,0.001563634,0.000887316,7.91E-06,0.730183542,0.000289499,0.013749416,3780
0.000536043,0.005012754,0.002238313,5.57E-05,0.394756436,0.006562545,0.004127373,3785
0.001110538,0.006240107,0.001829169,0.000168327,0.002907734,0.204175323,0.002411231,3790
7.16E-05,0.00045186,0.000100076,2.02E-05,0.000447127,0.062009554,0.000405115,3795
0.000823288,0.003529386,0.002631167,0.000228016,0.1628566,0.006228017,0.088495724,3800
0.000465822,0.003430089,0.001796579,0.000288591,0.005735675,0.022182984,0.009562107,3805
4.85E-05,0.003591774,0.000455496,7.35E-06,0.001893252,0.009317366,0.002763343,3810
0.000620042,0.005102539,0.0051155,0.000597032,0.017607044,0.039069306,0.05461255,3815
0.002013107,0.002443626,0.009561447,4.95E-05,0.309475362,0.001811319,0.29481414,3820
0.000203443,0.001975098,0.000274988,3.07E-05,0.000966075,0.016666966,0.004803594,3825
1.28E-05,0.001290189,4.49E-05,4.61E-07,0.000231893,0.032437645,0.000249728,3830
0.0019947,0.004560679,0.000790654,5.39E-05,0.006807541,0.014890236,0.000995193,3835
0.000713507,0.0073508,0.000765282,4.27E-05,0.042804457,0.034115527,0.00047491,3840
2.05E-05,0.002800643,3.89E-05,7.02E-06,0.02080875,0.03356097,0.000152114,3845
0.001023209,0.002715738,0.000639385,0.000124865,0.045302775,0.062250044,0.001029348,3850
0.000145975,0.006166416,0.000132097,3.27E-05,0.238283336,0.014899385,0.000488699,3855
2.95E-05,0.001881228,2.78E-05,5.05E-07,0.821037948,0.000688899,2.35E-05,3860
0.000110314,0.008251279,0.000154177,4.03E-06,0.520611644,0.011145682,4.06E-05,3865
5.67E-06,0.002664425,1.38E-05,2.15E-07,0.7674149,0.003427277,5.67E-06,3870
3.80E-05,0.003413007,3.48E-05,1.13E-06,0.416040242,0.003323773,4.81E-05,3875
0.00030046,0.019886553,0.000200723,3.69E-05,0.2889055,0.04522739,0.000488908,3880
8.31E-05,0.026252495,0.000115591,6.53E-06,0.3240661,0.007032574,0.000157228,3885
2.37E-05,0.004408132,2.45E-05,1.19E-06,0.394320667,0.002584117,5.03E-05,3890
2.24E-05,0.006806112,4.33E-05,1.61E-06,0.6522257,0.013110194,1.87E-05,3895
0.000101263,0.006299579,0.000228286,7.71E-06,0.320526,0.060419668,9.72E-05,3900
0.000185857,0.017069195,0.000164234,7.91E-06,0.543516636,0.006336918,9.16E-05,3905
0.000343968,0.006242599,0.000262941,1.23E-05,0.3426693,0.004859118,0.000374216,3910
3.29E-06,0.001117082,5.66E-06,1.82E-08,0.7467428,0.000271068,2.51E-06,3915
7.57E-05,0.010877278,9.88E-05,8.17E-07,0.6321715,0.002412678,1.45E-05,3920
3.96E-05,0.004886135,2.98E-05,1.38E-07,0.48354724,0.000240418,4.67E-06,3925
8.36E-05,0.01856191,9.84E-05,1.38E-06,0.6060399,0.00171524,1.74E-05,3930
5.25E-05,0.008001216,5.24E-05,3.52E-07,0.6711912,0.000802346,5.85E-06,3935
5.07E-05,0.03455141,5.42E-05,3.33E-07,0.7019806,0.000582181,9.46E-06,3940
8.61E-05,0.022272214,0.000201422,1.05E-06,0.48453936,0.005276888,2.19E-05,3945
1.18E-12,9.33E-16,3.50E-13,1.18E-14,1,1.57E-13,3.74E-11,3950
7.49E-05,0.002493404,0.000323014,2.54E-05,0.002537998,0.01517962,0.005793248,3965
0.00276727,0.016655479,0.008666025,0.000328682,0.136711285,0.006423789,0.01982754,3970
1.39E-05,0.002831433,0.000481948,1.50E-05,0.001511235,0.015676381,0.007340733,3975
0.000257807,0.003396799,0.003733213,5.32E-05,0.005601235,0.026704546,0.008148552,3980
0.000319666,0.004359618,0.001489974,6.16E-06,0.005687906,0.024664622,0.001855191,3985
0.000713763,0.002779161,0.003518644,0.000209069,0.008012234,0.041358873,0.00966565,3990
0.000248763,0.000361692,0.000235972,5.42E-05,0.0009588,0.004824029,0.104640231,3995
0.039032582,0.01533783,0.037326474,0.00145969,0.025091853,0.013064207,0.154807657,4000
0.000865662,0.003240291,0.002942058,7.70E-05,0.022334755,0.010677618,0.013359146,4005
0.000444441,0.003851319,0.002876777,0.000378824,0.00201819,0.08943239,0.011723047,4010
0.000246412,0.002977398,0.000110564,8.06E-06,0.005755615,0.000955852,0.016358629,4015
0.002968353,0.026417412,0.010726642,0.000295938,0.001167113,0.244218051,0.002211616,4020
0.003510345,0.004172603,0.013634963,0.000442215,0.002950815,0.029528637,0.06274883,4025
0.001585818,0.006908848,0.004220286,7.22E-05,0.157403842,0.005779383,0.013961715,4030
0.000105824,0.000997646,0.001373474,0.000232421,0.008671795,0.028778574,0.024648812,4035
0.002757927,0.005009578,0.017557932,0.004068328,0.003070868,0.268461436,0.036342144,4040
0.009478687,0.007416968,0.031895585,0.000140553,0.010840187,0.034442224,0.010551685,4045
0.000430394,0.04270279,0.002288554,2.15E-05,0.045384716,0.003092229,0.022540418,4050
0.007351642,0.017029801,0.007507608,0.004135851,0.093824565,0.008318244,0.217802852,4055
0.000113279,0.004232179,9.82E-05,7.03E-05,0.000678124,0.004437697,0.029166548,4060
0.006876674,0.007118366,0.011924136,0.000509491,0.149428368,0.01869511,0.014688717,4065
0.001402617,0.007601734,0.002444715,0.000191917,0.022341546,0.002576276,0.06288236,4070
0.012480682,0.009382896,0.022322845,0.000119749,0.321794182,0.001814114,0.08013911,4075
0.003528249,0.017702356,0.005301447,0.000140457,0.07540112,0.009906891,0.003451389,4080
5.00E-05,0.000616722,0.000402601,1.63E-05,7.21E-05,0.08013141,0.002414254,4085
0.000195937,0.010207551,0.001339266,4.03E-05,0.008500065,0.03629602,0.004127355,4090
0.003922548,0.0070402,0.005942345,0.000299718,0.5570808,0.003002676,0.006676234,4095
0.000170972,0.001681496,0.000240248,2.79E-06,0.000413085,0.028864207,0.000468693,4100
0.004877681,0.08597139,0.008522913,0.000108897,0.00567435,0.212540716,0.000928582,4105
0.001754433,0.002458206,0.000329079,5.55E-05,0.000617545,0.008898824,0.000669541,4110
3.04E-05,0.002850596,1.82E-05,9.80E-07,0.013918695,0.024904622,0.000120936,4115
0.001310459,0.001171026,0.001235855,0.00087654,9.78E-05,0.2310967,0.003490195,4120
0.003554284,0.000957741,0.007582067,0.000417201,0.000761029,0.026043369,0.109063596,4125
0.001019878,0.002241787,0.000543531,9.28E-05,0.001078643,0.030215297,0.001899784,4130
0.000210461,0.004582013,0.000524372,1.73E-05,8.19E-05,0.135969251,0.00046161,4135
0.000235223,0.000672956,8.95E-05,4.48E-05,0.000344478,0.008899952,0.004940643,4140
3.30E-05,0.002202648,0.000210306,2.60E-06,4.36E-05,0.101195328,0.000501802,4145
0.000673472,0.00065962,0.000291265,0.00030158,5.75E-05,0.028363425,0.006387735,4150
0.001559186,0.000718958,0.000612172,0.000104027,7.86E-05,0.019936202,0.002430622,4155
0.001662303,0.000633227,0.000517511,0.00023926,9.68E-05,0.043644387,0.002860551,4160
0.00010252,0.005401251,0.00018788,2.58E-05,0.003297282,0.03453056,0.000927577,4165
0.000482064,0.001988851,0.00011623,2.15E-05,0.002993048,0.01549268,0.000640204,4170
0.001634728,0.002510956,0.000511223,8.42E-05,0.001743831,0.026597586,0.001682806,4175
0.000818177,0.002219633,0.000248471,1.44E-05,0.001661392,0.008573021,0.000871129,4180
0.001423152,0.002366439,0.0004155,5.14E-05,0.001012032,0.017939277,0.001458013,4185
0.000296919,0.002082937,0.000401797,2.32E-06,0.001349614,0.02056281,0.000226307,4190
0.000220448,0.001809546,0.000108829,6.67E-06,0.004342282,0.012156521,0.000259064,4195
0.000231748,0.001764626,0.000182422,2.03E-06,0.002254342,0.012835771,0.000143401,4200
0.00247562,0.004345736,0.001125827,9.94E-05,0.003072204,0.043896154,0.001269721,4205
0.001082014,0.002608959,0.00052311,5.94E-05,0.00146737,0.043344412,0.000839635,4210
0.000664977,0.000471922,0.000197389,2.62E-05,0.000222191,0.03947495,0.001350846,4215
0.0017691,0.001679,0.000553283,5.90E-05,0.000647343,0.038942304,0.00108892,4220
0.001844642,0.001311284,0.000506126,0.000114927,0.000282693,0.040436633,0.002044611,4225
0.001003995,0.000811997,0.00040012,7.30E-05,0.000441271,0.032140274,0.002470173,4230
0.00060778,0.000751128,0.000245973,2.48E-05,0.000290458,0.019290812,0.000816328,4235
0.000788192,0.001175758,0.000269939,4.40E-05,0.000497831,0.028545272,0.000828584,4240
0.000841716,0.000951997,0.000273441,4.30E-05,0.000199148,0.03394513,0.001096085,4245
0.001375473,0.002253517,0.000763051,4.58E-05,0.001124379,0.020781854,0.002477498,4250
0.000650394,0.000570774,0.000432019,6.01E-06,0.000136172,0.019998837,0.000852136,4255
0.003125839,0.00193318,0.001335737,0.000261153,0.001281734,0.043573756,0.008276478,4260
0.003015803,0.006900128,0.001375268,9.33E-05,0.010749265,0.002055703,0.005423038,4265
0.019304551,0.03354348,0.00615523,0.00018415,0.04389195,0.006317949,0.002597583,4270
0.006937113,0.01086561,0.010300891,0.000317181,0.026787186,0.01747626,0.02662119,4275
3.97E-05,0.001592244,0.000173418,1.95E-05,0.000492001,0.030228237,0.002461802,4280
0.000439369,0.006579322,0.000367448,0.000313438,0.000890856,0.016355323,0.02634338,4285
7.16E-05,0.001133681,0.000889647,6.82E-05,0.000626071,0.016640445,0.006625876,4290
0.001625561,0.003326406,0.01645346,0.000791633,0.001936342,0.172204256,0.022375232,4295
0.000478888,0.003311747,0.008994109,7.01E-05,0.002477086,0.023235511,0.040038314,4300
0.002884748,0.002659679,0.005990868,6.77E-05,0.23651436,0.001605377,0.181571841,4305
0.000714762,0.004908039,0.006936914,0.000136761,0.000389693,0.065760024,0.019213753,4310
0.007974361,0.009146243,0.02411268,0.00086586,0.006049329,0.032571793,0.05397182,4315
0.000423979,0.000704284,0.00062529,0.000902224,0.006820745,0.09873541,0.035122898,4320
0.001795073,0.010551349,0.013613529,0.000201201,0.0050798,0.032073192,0.00948202,4325
0.000657282,0.002623997,0.003505347,0.000710192,0.002395668,0.03011595,0.07691162,4330
0.000204886,0.000407498,0.001939786,0.0001105,0.000248745,0.025707398,0.11215248,4335
0.000840443,0.001675886,0.002503302,0.000396367,0.001260422,0.051540565,0.040967446,4340
0.000222016,0.003679973,0.001136672,2.30E-05,0.001738731,0.020188537,0.007496671,4345
0.001662864,0.004074896,0.006152323,0.000229728,0.00854053,0.021859337,0.024813542,4350
0.000223823,0.005828808,0.000395944,2.83E-06,0.133694619,0.000761028,0.003125428,4355
0.009801706,0.009110789,0.014866523,0.000613199,0.010492915,0.014762243,0.036194813,4360
0.000742325,0.010731184,0.0010481,0.000154875,0.001925021,0.014915876,0.003578871,4365
,,,,,,,4390
2.71E-05,4.60E-05,6.28E-06,6.22E-07,0.000155828,0.05878301,0.000124711,4395
8.23E-05,0.000498036,7.98E-05,1.47E-05,0.000305285,0.006079862,0.008801799,4400
0.001089356,0.000911235,0.000494278,0.000372392,0.000157765,0.057923805,0.00358848,4405
0.000914926,0.000792587,0.000448244,0.000154481,4.91E-05,0.055965032,0.002333523,4410
0.00128018,0.000875248,0.000744214,0.000567618,7.11E-05,0.062908836,0.004478592,4415
0.004031964,0.002447372,0.002925075,0.000193079,0.000615254,0.04428527,0.003961973,4420
0.002342459,0.001756272,0.001514125,0.000392011,0.000151972,0.091376394,0.003221536,4425
0.001088461,0.000442447,0.000218267,0.000187681,4.74E-05,0.123098537,0.001203765,4430
0.004086331,0.001981922,0.002155028,0.000753108,0.000595953,0.07434944,0.004597493,4435
0.001566077,0.000721221,0.001301758,0.000129169,9.84E-05,0.08002829,0.002667312,4440
0.000470164,0.005013763,0.000435144,1.47E-06,0.361314923,0.000168658,0.00725747,4445
4.44E-05,0.004681718,0.00035044,1.28E-05,0.004171541,0.032568485,0.011800699,4450
0.000136519,0.003147485,0.000940389,9.53E-06,0.8625332,0.001064796,0.00133395,4455
0.000148775,0.004336341,0.000931546,1.17E-05,0.637919,0.000700139,0.005640153,4460
0.00058587,0.004038932,0.000648303,0.00029139,0.010132718,0.012196914,0.007449228,4465
0.000678871,0.011087573,0.001334089,8.91E-05,0.116026632,0.006310542,0.00909697,4470
0.002735205,0.013690093,0.005330711,0.000242891,0.167119071,0.020467158,0.015921457,4475
0.001147169,0.015074065,0.007201822,0.000195938,0.518476546,0.014956929,0.005744684,4480
0.003080415,0.007378737,0.007152617,0.000807555,0.112151764,0.03764913,0.013386369,4485
0.000196633,0.012080737,0.000537535,6.65E-05,0.00659689,0.007483651,0.04383303,4490
0.002275358,0.012159787,0.007544799,6.95E-05,0.26892373,0.005574621,0.00952197,4495
0.003294592,0.007921924,0.003623457,5.39E-05,0.233586818,0.001035392,0.141434029,4500
0.00125992,0.002327219,0.003830881,0.000151471,0.010817637,0.00406148,0.101431407,4505
0.00145232,0.002774211,0.00764917,1.54E-05,0.0676068,0.000598744,0.4310647,4510
0.002882714,0.002805948,0.000821301,0.000220548,0.001342442,0.003153591,0.008383687,4515
0.005870834,0.006703526,0.011948014,0.000443088,0.056035887,0.00984067,0.09221662,4520
0.000222346,0.001137781,0.000299054,2.97E-05,0.000141473,0.32318607,0.000302143,4525
0.00609988,0.065361045,0.013797501,0.000342453,0.014059344,0.018594706,0.017628333,4530
0.00028,0.000242565,0.000204068,2.88E-05,0.000156299,0.002320708,0.433445156,4535
0.000343392,0.006411989,0.003251791,5.18E-05,0.00772986,0.028377926,0.008066117,4540
0.001330205,0.013838242,0.001745759,0.000235405,0.009912794,0.013823495,0.003689235,4545
0.000290089,0.001922966,0.000971288,1.08E-05,0.06654046,0.00090253,0.089952596,4550
0.001648606,0.007154581,0.012335322,0.000345895,0.003860642,0.03360217,0.03898054,4555
0.001464094,0.00771618,0.008341167,0.000116808,0.007075601,0.020167278,0.019105561,4560
0.000524,0.019907523,0.000894506,3.99E-06,0.006828895,0.052440483,0.000213743,4565
0.005233762,0.010270553,0.006573417,0.000174929,0.238700747,0.009786389,0.010731162,4570
2.30E-05,0.000758518,0.000722817,1.36E-05,0.00021636,0.005932913,0.132934183,4575
0.000357539,0.025708552,0.000767847,0.00185056,0.005044281,0.005218991,0.271808863,4580
0.002465271,0.003099509,0.004847104,0.004396745,0.020909987,0.005601834,0.723351061,4585
0.00016925,0.003549253,0.000890401,5.95E-05,0.004157456,0.036769334,0.0540301,4590
0.00079424,0.007325716,0.004762904,0.00035811,0.040453885,0.05470321,0.096567445,4595
0.000172475,0.097679615,0.000493584,4.01E-05,0.101363353,0.024516298,0.007954465,4600
0.000955172,0.011518039,0.00296351,0.000221882,0.018166635,0.032132216,0.011702603,4605
0.000332285,0.000817405,0.000359507,9.41E-05,6.56E-05,0.092353195,0.002588124,4610
1.66E-05,7.17E-06,6.04E-06,1.48E-06,0.00075259,0.03471317,0.000261444,4615
2.06E-05,4.74E-06,3.78E-06,1.17E-05,0.00081669,0.012968144,0.001184581,4620
0.000274829,0.008285275,0.000192893,2.42E-06,0.018405823,0.006925604,9.36E-05,4625
0.001487298,0.00421894,0.00134242,0.000212951,0.005462328,0.09970481,0.002410309,4630
0.000259959,0.002143419,0.00026874,8.06E-06,0.006706535,0.040518977,0.000301617,4635
7.24E-05,0.000235853,3.44E-05,2.17E-06,0.000525055,0.06214663,0.000126815,4640
0.000779937,0.016033873,0.000613485,7.13E-06,0.005361402,0.132115945,0.000132605,4645
0.000458758,0.001935552,0.000300463,1.23E-05,0.00423417,0.033371698,0.000701595,4650
3.28E-05,8.23E-05,1.21E-05,0.000212103,0.023783801,0.07522779,0.003945445,4655
0.000106728,0.003438592,0.000113967,2.50E-06,0.2285473,0.01577444,6.22E-05,4660
0.000342185,0.002579238,0.000318189,8.86E-06,0.05391255,0.018814825,0.000411902,4665
0.000734604,0.003424048,0.000744993,3.90E-05,0.034925792,0.039044183,0.000819166,4670
0.000408096,0.003097298,0.000355329,1.80E-05,0.1483779,0.008558026,0.000906574,4675
0.000181588,0.00293362,0.000143951,1.19E-06,0.099611715,0.011140476,5.42E-05,4680
0.000126804,0.002969304,0.000116693,8.93E-06,0.012240564,0.015472209,0.000239893,4685
4.96E-05,0.003518414,6.07E-05,6.34E-06,0.08138822,0.005832626,0.000225696,4690
4.41E-05,0.002991178,3.56E-05,2.05E-06,0.06003383,0.008422041,8.93E-05,4695
2.83E-05,0.001909644,2.33E-05,9.94E-07,0.0998338,0.014646648,3.70E-05,4700
7.37E-05,0.002076364,4.12E-05,7.78E-06,0.08169075,0.008948658,0.000249631,4705
0.000363506,0.004416921,0.000179573,1.07E-05,0.029193996,0.00706131,0.000337144,4710
7.49E-05,0.002856551,4.76E-05,1.12E-06,0.108708717,0.01103491,4.09E-05,4715
5.77E-05,0.001933609,2.61E-05,1.94E-06,0.262970835,0.002937815,0.000108592,4720
0.000359911,0.003560045,0.000311648,5.80E-06,0.09381594,0.011465375,0.000174185,4725
0.000115912,0.006225803,8.47E-05,7.11E-06,0.346039325,0.000850558,0.000350961,4730
0.000320776,0.008860483,0.002650141,2.71E-05,0.298419833,0.004605406,0.022595825,4735
2.20E-05,0.00187451,1.49E-05,4.13E-07,0.084014714,0.000289157,0.000105611,4740
0.000370083,0.004531822,0.000214899,6.13E-05,0.3101409,0.03772032,0.001073148,4745
0.00012146,0.004634551,7.61E-05,0.000322103,0.5689863,0.000917452,0.038856093,4750
8.53E-05,0.007336556,5.56E-05,1.68E-06,0.292649418,0.001322244,0.000155136,4755
3.09E-05,0.006174315,3.63E-05,1.82E-06,0.09972473,0.02045882,3.72E-05,4770
1.05E-05,0.009162392,1.38E-05,5.00E-07,0.376927137,0.010514075,6.62E-06,4775
,,,,,,,4780
0.000413259,0.026978517,0.000309589,3.82E-05,0.4670002,0.004561543,0.001005799,4790
3.87E-05,0.004607622,3.39E-05,2.65E-06,0.3212929,0.001778568,9.60E-05,4795
0.0002601,0.02382516,0.000238906,5.20E-06,0.5452684,0.010443908,0.000273413,4800
6.40E-05,0.007443089,4.47E-05,6.69E-07,0.670275867,0.001577876,2.11E-05,4805
6.63E-05,0.013755865,7.06E-05,2.32E-06,0.1407878,0.024629917,3.08E-05,4810
5.09E-05,0.01341005,9.57E-05,6.88E-06,0.427001446,0.010823911,8.97E-05,4815
0.000100265,0.008521647,9.53E-05,5.56E-06,0.117122665,0.00328271,0.000281292,4820
2.55E-09,9.20E-13,4.89E-11,1.32E-11,1,5.32E-10,2.70E-10,4825
1.13E-09,1.14E-12,6.66E-12,3.36E-11,1,1.93E-10,3.04E-09,4830
6.55E-06,3.03E-05,7.93E-05,5.00E-07,0.998026848,1.75E-05,8.40E-05,4835
1.49E-07,1.85E-06,1.87E-06,4.90E-08,0.9997927,1.83E-07,8.83E-05,4840
2.34E-06,0.01405778,1.90E-05,4.53E-07,0.7186232,0.025819622,6.12E-06,4845
0.000490458,0.02779454,0.00049766,1.03E-05,0.487096041,0.01436451,0.000215028,4850
0.00054379,0.015891688,0.00026439,3.42E-05,0.5217768,0.020931786,0.000620414,4855
1.11E-05,0.002105352,1.28E-05,3.17E-07,0.750602365,0.000628351,8.22E-06,4860
0.000496567,0.00302498,0.000621671,6.28E-05,0.01988493,0.025293069,0.003539496,4865
0.002754825,0.031339172,0.001517026,4.06E-05,0.07779247,0.023166243,0.000463581,4870
5.32E-05,0.003993117,6.85E-05,4.44E-07,0.667215347,0.001019666,2.68E-05,4875
5.81E-05,0.002414464,0.000181758,1.84E-06,0.8327048,0.000360778,0.000733863,4880
2.09E-07,0.000220344,2.85E-07,1.26E-09,0.9792995,1.69E-05,1.23E-07,4890
6.20E-08,1.26E-11,1.37E-09,1.67E-11,0.999999762,2.36E-08,3.07E-08,4895
3.27E-05,0.009905138,6.21E-05,1.11E-06,0.853352845,0.00187688,2.47E-05,4900
6.92E-06,0.000411964,1.71E-05,8.01E-08,0.930015564,6.39E-05,1.08E-05,4905
3.95E-05,0.028590228,8.99E-05,2.60E-06,0.2103694,0.03099175,2.16E-05,4910
1.18E-15,3.34E-18,5.31E-17,3.86E-18,1,1.56E-17,4.45E-13,4915
2.59E-11,4.64E-12,4.13E-10,4.31E-13,1,3.63E-12,4.50E-10,4920
2.31E-08,5.49E-08,1.07E-06,1.45E-09,0.9999971,1.09E-08,3.59E-07,4925
1.92E-11,4.93E-14,2.40E-11,2.15E-12,1,7.74E-13,5.98E-09,4930
4.05E-06,1.63E-06,3.14E-05,2.57E-07,0.9998306,2.23E-06,1.80E-05,4935
6.31E-05,0.00057225,6.51E-05,3.64E-06,0.4709369,0.006310865,0.001098075,4940
3.56E-11,6.01E-09,6.20E-10,2.15E-12,0.999999,7.96E-11,5.95E-09,4945
0.001708224,0.005603828,0.011003356,0.00022119,0.09274158,0.04084081,0.030958453,4950
0.000790405,0.009021474,0.004491084,3.55E-05,0.379731148,0.010149309,0.004407429,4955
0.001667439,0.005229698,0.00249845,1.13E-05,0.3087232,0.002772105,0.001265877,4960
0.001614609,0.004161736,0.000377233,7.26E-05,0.033562645,0.003418721,0.003439041,4965
0.000451567,0.005527318,0.004215393,0.000102095,0.017178109,0.009461571,0.07426377,4970
0.002433224,0.005491256,0.014782046,0.000216407,0.256325066,0.01334675,0.02428234,4975
9.24E-05,0.009023339,0.002885254,0.00011389,0.431357,0.021258088,0.030563312,4980
0.013332962,0.048807427,0.023041599,0.018946977,0.046029523,0.021581145,0.37603277,4985
0.000283247,0.002753423,0.003332093,0.000167704,0.002307631,0.085134946,0.005329771,4990
0.000185798,0.00461334,0.000558477,8.72E-05,0.04182125,0.00581319,0.015069699,4995
4.89E-05,0.000796469,0.000435577,3.59E-05,0.003608375,0.00571824,0.006781401,5000
0.00047091,0.006429197,0.00191922,2.73E-05,0.06266955,0.00462149,0.004602704,5005
0.001145352,0.00663878,0.005225384,8.03E-05,0.018996105,0.011763586,0.021819744,5010
0.007408504,0.0045339,0.015860492,0.000685755,0.37327835,0.007923272,0.119201608,5015
0.006778369,0.011909043,0.007358461,0.000578979,0.054373115,0.0057657,0.131653681,5020
4.62E-06,0.000177387,1.98E-05,1.67E-08,0.989587247,1.02E-06,1.27E-05,5025
0.000410725,0.005248469,0.000668766,2.85E-05,0.035578024,0.003004816,0.012505842,5030
0.00063321,0.009587555,0.000348751,4.47E-05,0.007342493,0.00310245,0.007257836,5035
0.001206482,0.004433981,0.006252122,0.000199199,0.008498581,0.02021492,0.032890756,5040
0.0103606,0.012130409,0.06345686,0.017404815,0.000603667,0.205436185,0.167265743,5045
0.003269408,0.00689323,0.016203657,0.001854571,0.08827761,0.045855247,0.288170666,5050
0.002337635,0.00887534,0.012180618,0.000797365,0.002217818,0.1183933,0.011610286,5055
0.006576868,0.010244409,0.009566258,0.000184711,0.04397504,0.005437751,0.028897846,5060
0.001165091,0.002291193,0.006710707,0.000338213,0.009781505,0.012128319,0.143025622,5065
0.000407188,0.001507184,0.002057629,0.000146817,0.011635483,0.007035042,0.007825503,5070
0.010772306,0.007590736,0.010671751,0.000500508,0.060134,0.009643294,0.030326713,5075
0.005791137,0.004798974,0.016298588,0.001140313,0.008675644,0.029980952,0.136277452,5080
0.005022584,0.010312693,0.014163816,0.000393657,0.062236514,0.026125113,0.026383076,5085
0.001147248,0.006423728,0.008592832,8.75E-05,0.028539678,0.04189228,0.003386717,5090
0.001091541,0.006055966,0.004108276,0.00025893,0.016030662,0.018952683,0.013582501,5095
0.001624712,0.004402076,0.010540513,0.000379406,0.000306231,0.0727421,0.017070316,5100
0.003000923,0.009594551,0.005683359,0.001039763,0.021434458,0.013003223,0.011789014,5105
0.001920032,0.012077873,0.013487854,0.000204707,0.054680225,0.032504443,0.022205098,5110
0.008994693,0.009163695,0.009018305,0.000718261,0.038925894,0.017333923,0.009546399,5115
1.23E-05,0.001340348,0.000223678,7.31E-06,0.001426257,0.007135367,0.034750156,5120
7.24E-05,0.003900907,0.000125541,5.30E-06,0.013113173,0.017102165,0.000215869,5125
0.000257654,0.003859236,0.000138935,3.79E-05,0.000965145,0.011927914,0.001389565,5130
0.002048085,0.010182625,0.000976898,0.000155515,0.001705414,0.047383443,0.001983944,5135
0.002181745,0.007155872,0.001058101,0.000393182,0.00194022,0.076092,0.003022812,5140
0.000210753,0.013674645,0.000597962,5.54E-06,0.077985995,0.010522769,0.000773452,5145
0.000178646,0.001162107,0.000202817,1.92E-05,0.000240114,0.204216674,0.000208598,5150
0.00053744,0.003898029,0.000340938,2.18E-05,0.001134629,0.0811047,0.000269953,5155
0.00011871,0.001395333,0.000102816,2.02E-06,0.000126683,0.112743996,6.23E-05,5160
4.09E-05,0.003002025,3.75E-05,2.26E-06,0.021702906,0.001334213,0.000178901,5165
1.64E-05,0.005458246,2.73E-05,1.28E-07,0.501757,0.003194582,6.71E-06,5170
0.000163001,0.00433294,0.000155943,1.51E-05,0.418513238,0.004741377,0.000648733,5175
2.71E-05,0.002483904,2.19E-05,4.53E-07,0.2608206,0.001023165,4.74E-05,5180
0.003797498,0.123021327,0.003769113,0.000116694,0.398976833,0.06278166,0.000765999,5185
0.000102723,0.002671341,6.97E-05,2.39E-05,0.01096003,0.037852027,0.000178618,5190
0.000634607,0.005574164,0.000375886,0.000160092,0.0568305,0.023657402,0.001020206,5195
0.000742385,0.003686846,0.001256152,0.000395575,0.030064441,0.00966992,0.007229848,5200
,,,,,,,5220
0.000843013,0.005278416,0.000457667,4.28E-05,0.007490597,0.031471934,0.000957517,5225
0.000663507,0.003821062,0.000309856,3.63E-05,0.005599136,0.025300195,0.000697705,5230
1.19E-05,0.001951198,3.11E-05,4.91E-07,0.011843402,0.03753101,4.76E-05,5235
0.001094813,0.0048694,0.00041266,5.10E-05,0.015021856,0.038385417,0.000696491,5240
0.001276092,0.003395136,0.000400053,4.97E-05,0.006386921,0.03806518,0.000597211,5245
0.00072835,0.003288848,0.000233672,7.20E-06,0.008941714,0.015513442,0.000234059,5250
6.54E-05,0.002406488,8.29E-05,1.76E-06,0.002252062,0.109938085,3.37E-05,5255
0.000217829,0.002443626,0.000102856,3.46E-06,0.004003823,0.028158156,8.20E-05,5260
0.000406021,0.002890708,0.000122708,9.66E-06,0.004700709,0.013699761,0.000318778,5265
0.000134641,0.001080651,4.22E-05,6.46E-06,0.00076284,0.03972989,0.000167446,5270
0.000166301,0.001525205,6.16E-05,3.65E-06,0.001081472,0.039176926,0.00012149,5275
4.29E-05,0.00162213,0.000143222,6.33E-06,0.000944455,0.2302183,9.58E-05,5280
5.06E-05,0.001776795,2.93E-05,1.46E-05,0.003196386,0.008961735,0.0004898,5285
0.000103699,0.003425343,9.77E-05,1.68E-05,0.010402162,0.02751444,0.000274817,5290
0.000106299,0.00251307,7.32E-05,1.81E-05,0.01675528,0.013240986,0.000437265,5295
0.000129386,0.003116728,0.000130936,6.50E-06,0.009515845,0.09488057,4.27E-05,5300
0.000281844,0.001782342,0.000119376,1.30E-05,0.006175217,0.038521785,0.000357024,5305
6.71E-05,0.002268636,5.39E-05,6.02E-07,0.134789124,0.004650679,3.62E-05,5310
0.000104639,0.003004518,4.20E-05,1.07E-06,0.031269185,0.003096275,5.03E-05,5315
0.000245366,0.005235251,0.000168653,0.00011523,0.008261237,0.020873273,0.001383408,5320
1.53E-05,0.000858474,1.52E-05,2.19E-07,0.07495113,0.00217725,7.00E-05,5325
0.000162064,0.006223837,5.37E-05,2.12E-06,0.04802183,0.003914192,7.56E-05,5330
6.97E-05,0.001997596,5.31E-05,5.58E-06,0.493758619,0.001638686,0.000172914,5335
0.000242043,0.005916385,0.000184384,1.45E-05,0.075324565,0.006506037,0.00034699,5340
0.000119105,0.003324968,5.85E-05,5.70E-07,0.034271568,0.010592797,2.52E-05,5345
0.000724885,0.011439223,0.001438682,2.00E-05,0.416863471,0.014319498,0.001976265,5350
0.00186248,0.006148902,0.002769826,6.63E-05,0.49617663,0.003274546,0.009310003,5355
0.000701441,0.007049074,0.0020662,2.79E-05,0.02635264,0.00134382,0.300568372,5360
6.58E-06,0.000474428,1.84E-05,2.77E-05,0.000198138,0.007273253,0.01589667,5365
0.000213098,0.012378687,0.000636809,3.16E-05,0.013179646,0.003453581,0.015852721,5370
0.0014966,0.004669187,0.008371107,0.000109781,0.00940124,0.008211724,0.028260654,5375
0.003338479,0.013833852,0.004394886,5.31E-05,0.006271743,0.02872187,0.006378898,5380
0.000616372,0.004540411,0.003833037,0.000151864,0.012739023,0.014237874,0.007704864,5385
0.000777426,0.007808409,0.002977444,9.99E-05,0.06803232,0.007577233,0.011912603,5390
0.000487347,0.001947502,0.001984951,9.94E-05,0.003192708,0.019349145,0.04692218,5395
0.000228672,0.003050336,0.0035145,0.000206774,9.70E-05,0.07533505,0.010755837,5400
0.00412985,0.003820634,0.008543735,0.000993736,0.09002267,0.004711181,0.518440545,5405
0.013097243,0.014957593,0.004378743,0.017304495,0.003082111,0.009115411,0.6243756,5410
8.30E-05,0.001597951,1.95E-05,3.51E-05,0.000167641,0.002098877,0.042804282,5415
0.0009208,0.004149686,0.007562846,0.001452278,0.010048539,0.054144643,0.153074637,5420
0.003839242,0.006588134,0.007129043,0.004600798,0.0265785,0.015875366,0.305789948,5425
0.000445143,0.002474613,0.002804997,0.000468288,0.004006983,0.045224015,0.05048564,5430
0.000737036,0.006247718,0.003540182,0.000455827,0.002268333,0.02758892,0.037442002,5435
0.004881582,0.006619063,0.00749747,0.000404869,0.011158069,0.041668046,0.018925566,5440
0.000219257,0.001776944,0.000283109,4.03E-05,0.000702434,0.001853472,0.015380814,5445
0.03016097,0.03387454,0.07981317,0.061128672,0.131278992,0.328315347,0.048871234,5450
0.019102132,0.015711233,0.016270923,0.000451811,0.1961978,0.008631949,0.006379494,5455
0.001533092,0.006539363,0.001726076,1.20E-05,0.033760894,0.007784423,0.000649486,5460
0.000251946,0.001998755,0.001094023,0.000225332,0.001751287,0.013073378,0.018319394,5465
3.40E-05,0.000949867,3.17E-05,2.19E-06,0.002673487,0.002449061,0.001252718,5470
7.40E-06,0.001077985,6.88E-05,3.60E-06,0.003267352,0.011037573,0.002912797,5475
0.00159069,0.005864553,0.004271569,0.000173537,0.15127,0.014926937,0.006765629,5480
0.00058139,0.002205034,0.002949233,0.000294091,0.001511605,0.012316676,0.01771294,5485
0.000451969,0.00329195,0.000148613,1.34E-05,0.004961617,0.00229572,0.000272154,5490
0.000780122,0.001055916,0.000149744,0.000208559,0.000119313,0.031067453,0.013724195,5495
0.000606024,0.001083417,0.000430017,7.55E-05,9.24E-05,0.08063168,0.001065602,5500
0.003471653,0.004027622,0.002378936,0.000586734,0.001607402,0.112070657,0.002101621,5505
0.003517929,0.004829898,0.002946556,0.000651544,0.001490661,0.15326485,0.002369284,5510
1.99E-05,0.0010579,2.41E-05,6.44E-07,0.658325136,0.000835788,6.28E-05,5515
0.000961523,0.008106777,0.000467589,1.09E-05,0.159400389,0.007218856,0.000708609,5520
0.000203102,0.013493568,0.000156496,1.80E-05,0.135687932,0.036252476,0.000141559,5525
7.59E-05,0.005968187,5.03E-05,3.57E-06,0.09985112,0.004609448,9.33E-05,5530
3.68E-05,0.007161399,2.48E-05,1.63E-06,0.3300723,0.000928427,4.12E-05,5535
4.25E-05,0.006359865,3.39E-05,6.26E-07,0.262446582,0.001811131,1.39E-05,5540
5.28E-05,0.005708481,4.22E-05,1.59E-06,0.239929646,0.001229794,4.54E-05,5545
0.000116958,0.004351833,0.000146447,1.45E-05,0.5498924,0.007045825,0.000540938,5550
2.14E-07,5.86E-09,1.15E-06,8.12E-08,0.9999974,4.80E-08,8.88E-07,5565
2.11E-06,7.26E-08,1.80E-06,3.65E-06,0.9998621,0.000116956,1.14E-06,5570
0.000200241,0.00359409,0.000867392,8.54E-06,0.9433661,0.001784301,0.000607517,5575
0.0004011,0.004936121,0.000157896,5.84E-05,0.6202749,0.015459731,0.002499933,5580
3.66E-07,0.000130107,7.01E-07,9.87E-09,0.9767213,8.74E-06,1.08E-06,5585
1.84E-06,0.000301552,5.46E-06,1.04E-07,0.9565239,0.000352252,5.43E-06,5590
8.17E-05,0.007909387,0.000103897,8.34E-05,0.5734289,0.00284896,0.003146158,5595
4.31E-06,0.001502564,6.10E-06,1.28E-07,0.710571945,0.000598101,9.52E-06,5600
0.000304486,0.061347347,0.00031893,6.39E-06,0.3307496,0.001659841,0.000461792,5605
2.77E-05,0.005475885,0.00024907,1.19E-05,0.91849196,0.004721381,0.002214421,5610
1.18E-05,1.70E-05,0.000119478,3.60E-07,0.998733163,2.54E-05,0.000137743,5615
0.001711592,0.012614706,0.005662646,0.000108114,0.6452434,0.005977878,0.002432799,5620
0.000265689,0.009610004,0.002311443,8.32E-05,0.053751405,0.029442247,0.035511185,5625
0.000242832,0.012077855,0.003277603,0.000319313,0.111322507,0.106532782,0.011103723,5630
4.61E-05,0.005570699,0.000129497,7.98E-06,0.165943816,0.001638595,0.000616319,5635
5.93E-05,0.032440838,0.000102605,4.57E-06,0.6871155,0.032208834,6.12E-05,5640
3.16E-13,8.25E-15,3.29E-13,4.98E-14,1,3.65E-14,1.27E-10,5645
0.000297072,0.059760157,0.000639054,1.47E-05,0.7668261,0.00391195,0.000378179,5650
4.61E-05,0.016292933,0.000101421,9.27E-07,0.5182505,0.009118187,1.24E-05,5655
7.80E-06,0.000403888,9.43E-06,3.64E-07,0.88427496,0.000453436,3.62E-05,5660
0.000387343,0.00683259,0.00051053,3.38E-05,0.419435769,0.02417517,0.000427385,5665
0.000418067,0.002937331,0.001538081,3.63E-05,0.7737878,0.00288443,0.00127173,5670
0.000494829,0.008824118,0.001117106,3.83E-05,0.574071,0.004486694,0.003714067,5675
0.000430035,0.005928841,0.001398505,2.28E-05,0.56793195,0.001373477,0.03895472,5680
0.001393909,0.012545142,0.013258464,0.000413004,0.515163541,0.0106981,0.06815789,5685
0.000316298,0.014178816,0.000873586,1.65E-05,0.107840776,0.002812115,0.001441918,5690
0.001377699,0.007230714,0.010095034,0.00013395,0.08016202,0.017662542,0.024973253,5695
1.30E-05,1.38E-05,6.30E-05,2.44E-07,0.9976548,1.20E-06,0.000415674,5700
0.000283639,0.022116978,0.001042755,0.000103692,0.275905043,0.015684528,0.006414305,5705
0.000136587,0.002285667,0.001247757,9.16E-06,0.8073872,0.000528456,0.001873383,5710
0.001107221,0.012734063,0.001830222,7.88E-05,0.046283077,0.007720477,0.006282375,5715
0.005596349,0.004246947,0.013952574,0.000726615,0.08016573,0.007295175,0.215432316,5720
0.00229828,0.008769562,0.005509246,0.000727459,0.008497838,0.012285588,0.035414312,5725
9.77E-06,0.001600624,1.48E-05,1.93E-07,0.017625619,0.012085605,9.38E-05,5730
0.000406173,0.016034761,0.000332223,8.70E-06,0.578143954,0.002104786,6.47E-05,5735
0.000272936,0.003851213,6.39E-05,1.55E-06,0.014100326,0.003978667,5.92E-05,5740
0.001520045,0.04119789,0.001427172,1.38E-05,0.062148903,0.080241025,0.000391067,5745
0.000251277,0.010877861,0.000229462,4.13E-05,0.62739563,0.050115097,0.000722413,5750
0.000219301,0.006211272,0.00043268,2.46E-05,0.5171122,0.301004142,0.000602824,5755
2.38E-05,0.001652932,4.32E-05,8.25E-07,0.5371402,0.021265002,1.98E-05,5760
0.001203579,0.022980582,0.001036202,4.50E-05,0.354065984,0.006022957,0.000829695,5765
5.85E-05,0.005038518,3.64E-05,2.19E-06,0.353013873,0.000386566,0.000364113,5770
2.79E-05,0.001558482,5.85E-05,6.54E-07,0.024559518,0.022557294,4.14E-05,5775
5.27E-05,0.00331096,3.22E-05,1.49E-06,0.5959627,0.000470696,5.50E-05,5780
0.000159522,0.01023457,6.74E-05,2.21E-06,0.263664216,0.001302712,8.13E-05,5785
0.000311253,0.008685553,0.000130773,6.06E-06,0.166217208,0.002798947,9.24E-05,5790
0.000920514,0.010737449,0.000315852,9.14E-05,0.082275115,0.005546882,0.001327067,5795
0.004162434,0.008538544,0.010999756,0.000277496,0.03871183,0.007169675,0.047381766,5810
0.001926073,0.010243584,0.005675775,0.000272744,0.022964692,0.023563018,0.009669119,5815
0.000196802,0.009621283,0.000604975,7.81E-05,0.026827473,0.015518926,0.009544462,5820
0.000181817,0.005676537,0.000496335,0.000142106,0.014203874,0.042941347,0.002764914,5825
0.000978087,0.009599636,0.004478061,9.44E-05,0.154576823,0.018374728,0.009177333,5830
0.006134124,0.004582712,0.006966615,0.007191366,0.002693678,0.024620717,0.327062219,5835
7.33E-05,0.004587314,6.92E-05,2.76E-06,0.692949831,0.004958357,0.001817639,5840
5.30E-05,0.00157426,4.82E-05,9.76E-07,0.404926836,0.013663987,0.000247517,5845
4.38E-05,0.000606589,2.90E-05,2.44E-06,0.08247468,0.01009436,0.00171432,5850
0.000138288,0.012076709,0.000118182,1.44E-05,0.315927953,0.00169391,0.000445833,5855
0.000126218,0.01159913,9.65E-05,1.28E-05,0.1492508,0.004175412,0.000379911,5860
0.000103497,0.011198713,0.000174062,1.17E-06,0.4021001,0.003389088,2.98E-05,5865
0.000464205,0.005672268,0.000249933,5.96E-05,0.03277534,0.019233022,0.000727149,5870
0.000105448,0.005325327,0.000187509,8.07E-06,0.003978775,0.03171181,0.000408384,5875
1.99E-05,0.003246587,4.37E-05,9.99E-07,0.012675011,0.060163077,1.46E-05,5880